quantity_donated_kg,quantity_available_kg,shelf_life_hours,storage_temp_C,distance_to_foodbank_km,foodbank_capacity_kg,current_stock_kg,beneficiaries_count,redistribution_priority,donation_month,donation_dayofweek,stock_pressure,surplus_ratio,need_per_km,is_perishable,cold_chain_ok,city_Bathinda,city_Chandigarh,city_Delhi,city_Jaipur,city_Jalandhar,city_Ludhiana,city_Patiala,state_Delhi,state_Punjab,state_Rajasthan,donor_type_Gurudwara Langar,donor_type_Hostel Mess,donor_type_Household,donor_type_Restaurant,donor_type_Supermarket,donor_type_Wedding Hall,food_type_Cooked Meals,food_type_Dairy,food_type_Fruits,food_type_Rice,food_type_Vegetables,food_type_Wheat Flour,storage_condition_No Storage,storage_condition_Room,foodbank_id_FB-02,foodbank_id_FB-03,foodbank_id_FB-04,foodbank_id_FB-05,transport_available_Yes
116.3,103.3,114,30.2,6.6,1500,1351,276,2,3,0,0.901,0.888,36.32,0,0,0,0,0,1,0,0,0,0,0,1,0,0,0,1,0,0,0,0,0,0,0,1,1,0,0,1,0,0,1
77.4,52.2,59,4.2,20.0,500,446,98,1,2,0,0.892,0.674,4.67,0,1,0,0,0,0,0,0,0,0,1,0,0,0,0,1,0,0,0,0,1,0,0,0,0,0,0,1,0,0,0
99.5,86.3,4,4.2,10.5,800,136,183,0,1,0,0.17,0.867,15.91,1,1,0,0,0,1,0,0,0,0,0,1,0,0,0,1,0,0,1,0,0,0,0,0,0,0,1,0,0,0,1
134.2,94.9,207,30.2,13.75,1000,839,152,2,1,0,0.839,0.707,10.31,0,0,0,0,0,0,0,0,1,0,1,0,0,0,0,0,0,1,0,0,0,0,0,1,1,0,0,1,0,0,1
113.5,70.5,10,24.9,16.8,800,485,402,0,2,2,0.606,0.621,22.58,1,0,0,0,0,0,1,0,0,0,1,0,0,0,0,0,0,0,0,0,0,0,1,0,0,1,0,1,0,0,1
75.0,61.8,41,30.2,3.4,500,147,146,2,3,0,0.294,0.824,33.18,0,0,0,0,0,0,0,0,0,0,1,0,1,0,0,0,0,0,0,0,0,0,1,0,1,0,0,0,0,0,1
77.9,73.2,11,24.9,8.7,1000,407,226,0,2,5,0.407,0.94,23.3,1,0,0,0,0,0,1,0,0,0,1,0,0,0,0,0,0,0,1,0,0,0,0,0,0,1,0,1,0,0,1
131.4,74.9,31,24.9,16.6,800,609,416,2,2,5,0.761,0.57,23.64,0,0,0,0,0,0,1,0,0,0,1,0,0,0,0,1,0,0,0,1,0,0,0,0,0,1,0,0,1,0,1
97.1,67.0,59,24.9,11.9,1500,1154,210,2,1,1,0.769,0.69,16.28,0,0,1,0,0,0,0,0,0,0,1,0,0,1,0,0,0,0,0,0,0,1,0,0,0,1,0,0,0,1,1
90.3,75.1,31,30.2,9.5,800,342,393,2,3,5,0.428,0.832,37.43,0,0,0,0,0,0,0,1,0,0,1,0,0,0,0,1,0,0,0,1,0,0,0,0,1,0,0,1,0,0,1
86.8,60.4,43,24.9,11.9,1000,371,226,2,3,6,0.371,0.696,17.52,0,0,0,0,0,0,0,1,0,0,1,0,0,0,0,1,0,0,0,0,1,0,0,0,0,1,1,0,0,0,1
80.7,45.0,5,24.9,6.0,500,459,120,2,2,5,0.918,0.558,17.14,1,0,1,0,0,0,0,0,0,0,1,0,0,0,0,0,1,0,1,0,0,0,0,0,0,1,0,1,0,0,1
70.3,70.3,31,4.2,13.2,1000,458,169,2,1,3,0.458,1.0,11.9,0,1,0,0,0,0,0,0,1,0,1,0,0,0,0,1,0,0,0,0,0,0,1,0,0,0,1,0,0,0,1
45.3,33.9,5,4.2,10.3,1000,138,275,0,2,5,0.138,0.748,24.34,1,1,0,1,0,0,0,0,0,0,0,0,1,0,0,0,0,0,1,0,0,0,0,0,0,0,0,0,0,0,1
82.3,78.1,24,24.9,14.0,800,446,287,2,2,0,0.558,0.949,19.13,0,0,0,0,0,0,0,0,1,0,1,0,1,0,0,0,0,0,0,0,0,0,0,0,0,1,0,0,0,1,1
190.1,155.6,46,30.2,9.1,1000,807,88,2,2,4,0.807,0.819,8.71,0,0,0,0,0,0,1,0,0,0,1,0,0,0,0,0,1,0,0,0,1,0,0,0,1,0,0,0,0,0,1
46.4,37.8,15,24.9,16.0,1000,142,124,2,2,3,0.142,0.815,7.29,1,0,0,0,0,0,0,1,0,0,1,0,0,1,0,0,0,0,0,0,0,0,0,0,0,1,0,0,0,1,1
63.8,53.7,18,4.2,27.6,500,361,236,2,2,6,0.722,0.842,8.25,1,1,1,0,0,0,0,0,0,0,1,0,0,0,0,1,0,0,0,1,0,0,0,0,0,0,1,0,0,0,0
119.9,67.7,105,4.2,7.2,1000,771,154,2,2,0,0.771,0.565,18.78,0,1,0,1,0,0,0,0,0,0,0,0,0,0,0,1,0,0,0,0,0,1,0,0,0,0,0,0,1,0,1
98.7,75.7,33,30.2,2.6,800,288,247,2,2,1,0.36,0.767,68.61,0,0,0,1,0,0,0,0,0,0,0,0,0,0,0,0,1,0,0,1,0,0,0,0,1,0,0,0,0,0,1
77.2,67.0,30,24.9,11.5,1000,542,177,2,3,5,0.542,0.868,14.16,0,0,0,0,0,0,0,1,0,0,1,0,0,0,0,0,0,0,0,1,0,0,0,0,0,1,0,0,1,0,1
56.7,34.9,57,30.2,9.4,500,266,197,2,2,2,0.532,0.616,18.94,0,0,1,0,0,0,0,0,0,0,1,0,0,0,0,1,0,0,0,0,0,1,0,0,1,0,0,0,1,0,0
102.3,74.1,33,4.2,4.9,800,753,94,2,1,0,0.941,0.724,15.93,0,1,0,0,0,0,0,0,0,0,1,0,1,0,0,0,0,0,0,0,0,1,0,0,0,0,1,0,0,0,1
92.5,62.7,64,30.2,15.9,800,596,227,1,2,5,0.745,0.678,13.43,0,0,0,0,0,0,0,1,0,0,1,0,1,0,0,0,0,0,0,0,1,0,0,0,1,0,0,0,1,0,0
95.4,66.0,22,4.2,10.9,500,79,264,2,2,2,0.158,0.692,22.18,1,1,0,1,0,0,0,0,0,0,0,0,0,0,1,0,0,0,0,1,0,0,0,0,0,0,0,1,0,0,1
65.9,67.0,79,24.9,25.8,1000,749,467,2,2,4,0.749,1.017,17.43,0,0,0,0,0,0,0,0,1,0,1,0,1,0,0,0,0,0,0,0,0,0,0,1,0,1,0,0,1,0,1
153.5,153.5,47,4.2,15.2,1500,1250,591,2,2,1,0.833,1.0,36.48,0,1,0,0,0,0,0,0,0,0,1,0,0,1,0,0,0,0,0,0,0,0,1,0,0,0,0,1,0,0,1
38.2,21.5,54,4.2,10.0,1000,505,132,2,1,3,0.505,0.563,12.0,0,1,0,0,0,0,0,0,1,0,1,0,0,1,0,0,0,0,0,0,1,0,0,0,0,0,0,1,0,0,1
89.1,73.0,14,24.9,17.5,1500,582,231,2,1,3,0.388,0.819,12.49,1,0,0,0,0,0,0,1,0,0,1,0,0,0,0,0,0,1,0,0,0,0,0,0,0,1,1,0,0,0,0
76.7,61.2,19,24.9,14.0,1500,843,72,2,1,4,0.562,0.798,4.8,1,0,0,0,0,0,0,1,0,0,1,0,0,0,1,0,0,0,0,1,0,0,0,0,0,1,0,0,0,0,1
40.2,37.6,99,4.2,28.7,800,460,44,1,2,0,0.575,0.935,1.48,0,1,1,0,0,0,0,0,0,0,1,0,1,0,0,0,0,0,0,0,0,0,0,1,0,0,1,0,0,0,1
71.3,63.3,9,24.9,6.8,500,263,274,2,2,1,0.526,0.888,35.13,1,0,0,0,1,0,0,0,0,1,0,0,0,0,0,1,0,0,1,0,0,0,0,0,0,1,0,1,0,0,0
65.5,50.8,11,4.2,17.0,500,342,512,2,2,1,0.684,0.776,28.44,1,1,0,0,0,1,0,0,0,0,0,1,0,0,0,1,0,0,0,0,0,0,0,0,0,0,0,0,0,1,0
55.2,50.0,39,4.2,0.9,1500,1140,258,2,3,3,0.76,0.906,135.79,0,1,1,0,0,0,0,0,0,0,1,0,0,1,0,0,0,0,0,0,0,0,1,0,0,0,0,0,0,1,0
165.3,110.5,43,30.2,11.7,800,293,152,2,1,5,0.366,0.668,11.97,0,0,0,0,1,0,0,0,0,1,0,0,1,0,0,0,0,0,0,0,1,0,0,0,1,0,0,1,0,0,0
70.6,54.0,36,24.9,7.7,1000,259,522,2,1,2,0.259,0.765,60.0,0,0,0,0,0,0,0,1,0,0,1,0,0,0,0,1,0,0,0,0,0,0,1,0,0,1,0,0,0,1,1
175.2,133.7,46,30.2,20.9,500,57,383,2,1,2,0.114,0.763,17.49,0,0,1,0,0,0,0,0,0,0,1,0,0,0,0,0,1,0,0,0,1,0,0,0,1,0,0,0,0,1,1
39.1,29.6,109,30.2,7.6,1500,657,186,2,1,1,0.438,0.757,21.63,0,0,0,0,0,0,1,0,0,0,1,0,0,0,0,0,0,0,0,0,0,0,0,1,1,0,1,0,0,0,1
82.2,82.2,18,4.2,20.0,800,301,287,2,3,0,0.376,1.0,13.67,1,1,0,0,0,0,0,0,0,0,1,0,0,0,0,1,0,0,0,1,0,0,0,0,0,0,1,0,0,0,0
91.9,61.2,19,4.2,28.2,500,144,112,2,2,2,0.288,0.666,3.84,1,1,0,1,0,0,0,0,0,0,0,0,1,0,0,0,0,0,0,0,0,0,0,0,0,0,0,0,1,0,1
117.1,100.8,24,30.2,21.7,800,403,357,0,3,0,0.504,0.861,15.73,0,0,0,0,0,0,0,0,1,0,1,0,0,0,1,0,0,0,0,0,0,0,1,0,1,0,0,1,0,0,1
82.0,48.2,28,24.9,44.7,500,142,321,2,1,5,0.284,0.588,7.02,0,0,0,0,0,0,0,1,0,0,1,0,0,0,1,0,0,0,0,1,0,0,0,0,0,1,0,0,0,0,1
97.2,57.6,166,4.2,6.3,500,285,285,2,2,4,0.57,0.593,39.04,0,1,0,0,0,0,0,0,0,0,1,0,0,0,0,0,0,1,0,0,0,0,0,1,0,0,0,0,0,1,0
100.9,67.0,51,24.9,11.6,500,251,209,2,3,2,0.502,0.664,16.59,0,0,0,0,0,0,0,1,0,0,1,0,0,0,0,0,0,1,0,0,1,0,0,0,0,1,1,0,0,0,1
34.6,23.5,76,24.9,16.8,500,444,134,1,1,4,0.888,0.679,7.53,0,0,0,0,1,0,0,0,0,1,0,0,0,0,0,1,0,0,0,0,0,1,0,0,0,1,0,0,0,0,1
228.0,187.0,80,24.9,9.9,800,232,363,0,1,2,0.29,0.82,33.3,0,0,0,0,0,0,0,0,1,0,1,0,0,0,1,0,0,0,0,0,0,1,0,0,0,1,0,1,0,0,1
62.1,60.0,22,30.2,23.7,800,407,149,2,2,3,0.509,0.966,6.03,1,0,0,0,0,1,0,0,0,0,0,1,0,0,0,0,0,0,0,1,0,0,0,0,1,0,0,0,0,1,0
58.3,35.3,29,24.9,14.1,500,281,321,0,2,3,0.562,0.605,21.26,0,0,0,0,1,0,0,0,0,1,0,0,0,0,0,0,1,0,0,0,0,0,1,0,0,1,0,0,1,0,1
98.4,78.9,6,4.2,8.1,1500,846,211,2,2,3,0.564,0.802,23.19,1,1,1,0,0,0,0,0,0,0,1,0,1,0,0,0,0,0,1,0,0,0,0,0,0,0,1,0,0,0,0
75.0,61.8,41,29.9,3.4,500,147,146,2,3,0,0.294,0.824,33.18,0,0,0,0,0,0,0,0,0,0,1,0,1,0,0,0,0,0,0,0,0,0,1,0,1,0,0,0,0,0,1
56.4,50.2,47,22.9,10.9,800,566,279,2,1,0,0.708,0.89,23.45,0,0,0,0,0,0,0,1,0,0,1,0,1,0,0,0,0,0,0,0,0,1,0,0,0,1,1,0,0,0,1
86.2,53.8,37,2.8,11.6,800,415,268,2,3,0,0.519,0.624,21.27,0,1,0,0,0,0,1,0,0,0,1,0,0,0,0,0,0,0,0,1,0,0,0,0,0,0,0,0,0,1,0
98.7,82.4,33,33.9,18.4,1500,1385,296,2,2,6,0.923,0.835,15.26,0,0,0,1,0,0,0,0,0,0,0,0,0,1,0,0,0,0,0,0,0,0,1,0,1,0,0,0,0,1,1
65.4,60.1,26,4.8,25.1,1500,1211,231,2,1,4,0.807,0.919,8.85,0,1,0,0,0,1,0,0,0,0,0,1,0,0,0,0,0,0,0,0,0,0,1,0,0,0,0,0,1,0,1
37.6,35.4,156,4.9,8.3,1000,398,387,2,3,4,0.398,0.941,41.61,0,1,0,0,0,0,0,0,1,0,1,0,1,0,0,0,0,0,0,0,0,0,0,1,0,0,1,0,0,0,1
205.0,192.1,4,26.5,12.2,1000,143,58,0,1,2,0.143,0.937,4.39,1,0,0,0,0,0,0,0,1,0,1,0,0,0,0,1,0,0,1,0,0,0,0,0,0,1,0,0,0,0,1
72.5,58.7,64,28.0,6.5,1000,418,184,2,1,1,0.418,0.81,24.53,0,0,0,1,0,0,0,0,0,0,0,0,0,0,0,0,1,0,0,0,0,1,0,0,0,1,0,0,0,0,0
46.8,42.5,61,23.2,9.8,1500,1175,469,2,1,4,0.783,0.908,43.43,0,0,0,0,0,0,1,0,0,0,1,0,1,0,0,0,0,0,0,0,0,1,0,0,0,1,0,1,0,0,1
92.1,51.3,41,28.4,11.7,500,125,213,2,2,6,0.25,0.557,16.77,0,0,0,0,1,0,0,0,0,1,0,0,0,1,0,0,0,0,0,0,1,0,0,0,0,1,0,0,0,1,0
146.6,126.2,107,26.2,7.3,500,181,119,2,1,2,0.362,0.861,14.34,0,0,0,0,0,0,1,0,0,0,1,0,0,0,0,0,0,0,0,0,0,0,0,1,0,1,0,0,1,0,1
32.6,19.4,41,4.5,7.9,1000,315,487,2,2,0,0.315,0.595,54.72,0,1,0,0,0,0,0,0,1,0,1,0,0,0,0,1,0,0,0,0,0,0,1,0,0,0,0,0,1,0,0
48.7,37.7,22,33.5,22.4,1000,872,138,2,1,1,0.872,0.774,5.9,1,0,0,0,1,0,0,0,0,1,0,0,0,0,1,0,0,0,0,1,0,0,0,0,1,0,0,0,1,0,0
74.7,54.5,7,20.7,17.3,800,340,494,0,2,1,0.425,0.73,26.99,1,0,1,0,0,0,0,0,0,0,1,0,0,0,0,0,0,0,1,0,0,0,0,0,0,1,0,1,0,0,1
68.8,51.8,22,4.2,18.5,800,394,201,2,1,1,0.492,0.753,10.31,1,1,0,0,0,0,0,0,0,0,1,0,0,0,0,0,0,0,0,0,0,0,1,0,0,0,0,0,1,0,1
75.3,71.3,69,25.8,13.6,500,119,270,2,2,1,0.238,0.947,18.49,0,0,0,0,0,0,1,0,0,0,1,0,1,0,0,0,0,0,0,0,0,1,0,0,0,1,0,0,0,1,1
58.0,52.7,55,29.9,22.8,800,424,258,1,3,5,0.53,0.909,10.84,0,0,0,0,0,0,0,1,0,0,1,0,0,1,0,0,0,0,0,0,1,0,0,0,0,1,0,0,0,0,0
136.8,101.7,18,26.8,5.3,500,255,256,2,1,4,0.51,0.743,40.63,1,0,0,0,0,0,0,0,0,0,1,0,0,0,0,1,0,0,0,1,0,0,0,0,0,1,1,0,0,0,0
55.0,43.4,5,26.7,14.5,800,221,272,0,1,3,0.276,0.789,17.55,1,0,0,0,0,1,0,0,0,0,0,1,0,0,0,0,0,0,1,0,0,0,0,0,0,1,0,0,0,1,1
65.3,38.0,8,25.5,22.9,800,219,337,0,1,3,0.274,0.582,14.1,1,0,0,0,0,0,0,0,0,0,1,0,0,0,0,0,1,0,1,0,0,0,0,0,0,1,0,0,0,1,1
96.4,56.0,23,4.4,11.1,1000,480,89,2,3,2,0.48,0.581,7.36,1,1,0,0,0,0,1,0,0,0,1,0,0,0,0,0,0,0,0,0,0,0,0,0,0,0,0,1,0,0,0
70.5,66.5,10,32.9,24.2,800,314,130,2,1,1,0.392,0.943,5.16,1,0,0,0,0,1,0,0,0,0,0,1,0,1,0,0,0,0,1,0,0,0,0,0,1,0,1,0,0,0,1
94.7,67.0,22,30.1,3.5,800,633,233,2,3,5,0.791,0.707,51.78,1,0,0,0,0,0,0,0,1,0,1,0,0,0,0,0,0,0,0,0,0,0,0,0,0,1,0,0,1,0,1
213.4,152.9,56,19.4,19.0,1500,878,172,2,2,6,0.585,0.716,8.6,0,0,0,0,0,0,0,1,0,0,1,0,0,0,0,0,1,0,0,0,0,0,1,0,0,1,0,0,0,1,1
83.2,70.1,7,24.7,12.2,1500,1016,209,0,2,3,0.677,0.843,15.83,1,0,0,0,0,0,0,1,0,0,1,0,0,0,0,0,1,0,0,1,0,0,0,0,0,1,0,0,0,0,1
86.4,51.5,9,29.7,9.6,500,305,237,2,1,1,0.61,0.596,22.36,1,0,0,0,0,0,0,1,0,0,1,0,0,1,0,0,0,0,0,0,0,0,0,0,1,0,0,1,0,0,0
101.2,83.4,97,29.0,7.2,1000,590,191,2,2,3,0.59,0.824,23.29,0,0,0,0,0,1,0,0,0,0,0,1,1,0,0,0,0,0,0,0,0,0,0,1,0,1,0,0,0,1,1
65.9,47.8,20,32.0,12.8,1000,897,158,2,1,4,0.897,0.725,11.45,1,0,0,0,0,0,0,0,0,0,1,0,0,0,0,0,0,0,0,0,0,0,0,0,1,0,0,1,0,0,1
86.4,64.2,72,21.7,30.9,1500,1289,404,2,2,2,0.859,0.743,12.66,0,0,0,0,0,1,0,0,0,0,0,1,0,1,0,0,0,0,0,0,0,1,0,0,0,1,1,0,0,0,1
71.6,40.7,10,22.5,5.5,1000,493,179,2,3,4,0.493,0.568,27.54,1,0,1,0,0,0,0,0,0,0,1,0,1,0,0,0,0,0,0,0,0,0,0,0,0,1,0,0,0,0,0
69.5,47.3,60,24.5,11.7,800,511,200,2,1,0,0.639,0.681,15.75,0,0,0,1,0,0,0,0,0,0,0,0,0,0,0,0,1,0,0,0,0,1,0,0,0,1,0,0,1,0,0
86.94999999999999,103.1,82,31.7,13.75,500,79,86,2,3,2,0.158,1.186,5.83,0,0,0,1,0,0,0,0,0,0,0,0,0,0,1,0,0,0,0,0,0,1,0,0,0,1,0,0,0,1,1
179.1,67.0,12,29.9,7.1,800,499,279,0,2,5,0.624,0.374,34.44,1,0,0,0,0,1,0,0,0,0,0,1,0,0,0,0,1,0,0,0,0,0,0,0,1,0,0,0,1,0,1
75.3,71.3,69,25.8,13.6,500,119,270,2,2,1,0.238,0.947,18.49,0,0,0,0,0,0,1,0,0,0,1,0,1,0,0,0,0,0,0,0,0,1,0,0,0,1,0,0,0,1,1
56.9,35.3,58,26.3,10.7,1500,1173,296,2,1,3,0.782,0.62,25.3,0,0,1,0,0,0,0,0,0,0,1,0,1,0,0,0,0,0,0,0,1,0,0,0,0,1,0,0,0,1,1
161.5,151.6,39,29.0,21.6,800,686,458,2,1,3,0.858,0.939,20.27,0,0,0,0,1,0,0,0,0,1,0,0,1,0,0,0,0,0,0,0,1,0,0,0,1,0,0,0,0,1,0
102.6,86.1,61,21.2,4.0,800,738,203,2,1,6,0.922,0.839,40.6,0,0,1,0,0,0,0,0,0,0,1,0,0,0,1,0,0,0,0,0,1,0,0,0,0,1,0,1,0,0,1
48.5,40.5,64,26.1,6.8,800,729,50,1,1,0,0.911,0.835,6.41,0,0,0,0,1,0,0,0,0,1,0,0,1,0,0,0,0,0,0,0,1,0,0,0,0,1,0,0,0,0,0
75.8,45.1,30,21.1,15.6,1500,602,197,1,1,0,0.401,0.595,11.87,0,0,0,0,0,0,1,0,0,0,1,0,0,1,0,0,0,0,0,1,0,0,0,0,0,1,0,0,0,0,0
93.4,71.7,23,4.6,11.8,800,158,469,0,1,5,0.198,0.768,36.64,1,1,1,0,0,0,0,0,0,0,1,0,0,0,1,0,0,0,0,1,0,0,0,0,0,0,0,0,0,1,1
156.2,122.7,66,21.5,14.9,1500,1131,258,2,1,6,0.754,0.786,16.23,0,0,0,0,0,0,0,0,1,0,1,0,1,0,0,0,0,0,0,0,0,1,0,0,0,1,0,0,0,1,0
63.3,56.8,63,32.2,17.8,800,305,148,2,1,4,0.381,0.897,7.87,0,0,0,1,0,0,0,0,0,0,0,0,0,0,0,1,0,0,0,0,0,1,0,0,1,0,0,0,0,1,1
79.2,75.1,113,23.7,28.8,500,401,267,2,2,4,0.802,0.948,8.96,0,0,0,0,0,0,1,0,0,0,1,0,0,0,1,0,0,0,0,0,0,0,0,1,0,1,0,0,0,0,1
88.2,63.7,8,4.6,5.3,800,278,214,0,2,2,0.348,0.722,33.97,1,1,0,0,1,0,0,0,0,1,0,0,1,0,0,0,0,0,1,0,0,0,0,0,0,0,0,0,0,0,1
82.7,47.3,70,30.7,17.8,500,405,432,2,1,4,0.81,0.572,22.98,0,0,0,0,0,0,1,0,0,0,1,0,0,1,0,0,0,0,0,0,0,0,0,1,1,0,0,0,0,1,1
11.2,10.0,53,26.9,5.2,500,462,121,1,2,5,0.924,0.893,19.52,0,0,1,0,0,0,0,0,0,0,1,0,0,0,0,0,0,1,0,0,0,0,1,0,0,1,0,0,0,0,0
103.9,91.0,61,18.3,30.2,500,159,198,2,2,2,0.318,0.876,6.35,0,0,0,0,0,0,1,0,0,0,1,0,0,0,0,0,0,0,0,0,1,0,0,0,0,1,0,0,0,0,1
86.94999999999999,125.8,67,5.2,16.4,800,562,204,2,3,0,0.702,1.447,11.72,0,1,0,0,0,0,0,0,0,0,1,0,0,1,0,0,0,0,0,0,0,1,0,0,0,0,0,0,1,0,1
102.7,82.0,52,5.7,16.6,1000,134,227,2,2,4,0.134,0.798,12.9,0,1,1,0,0,0,0,0,0,0,1,0,0,0,0,0,1,0,0,0,1,0,0,0,0,0,0,1,0,0,1
81.5,53.7,7,28.9,2.8,1500,724,226,0,2,0,0.483,0.659,59.47,1,0,0,0,0,1,0,0,0,0,0,1,0,1,0,0,0,0,1,0,0,0,0,0,0,1,0,0,0,0,1
32.8,22.5,3,3.8,16.3,1000,822,235,2,2,5,0.822,0.686,13.58,1,1,0,0,0,0,0,0,1,0,1,0,0,1,0,0,0,0,1,0,0,0,0,0,0,0,0,0,0,0,1
88.3,71.2,11,25.4,2.2,1000,648,229,2,3,5,0.648,0.806,71.56,1,0,0,1,0,0,0,0,0,0,0,0,0,0,0,1,0,0,1,0,0,0,0,0,0,1,0,0,0,1,0
56.1,44.5,25,26.6,12.2,800,716,329,2,3,1,0.895,0.793,24.92,0,0,0,0,0,1,0,0,0,0,0,1,1,0,0,0,0,0,0,0,0,0,0,0,1,0,0,0,0,1,0
62.0,46.8,55,24.1,11.9,800,315,195,2,2,0,0.394,0.755,15.12,0,0,0,0,0,0,0,1,0,0,1,0,0,0,0,0,1,0,0,0,0,1,0,0,0,1,0,1,0,0,1
31.0,22.8,77,6.3,11.2,1000,664,401,2,1,5,0.664,0.735,32.87,0,1,0,0,1,0,0,0,0,1,0,0,1,0,0,0,0,0,0,0,0,1,0,0,0,0,0,0,0,1,1
182.6,102.7,69,24.2,36.2,800,277,334,2,3,1,0.346,0.562,8.98,0,0,0,0,0,0,0,1,0,0,1,0,0,0,0,0,0,0,0,0,1,0,0,0,0,1,0,0,0,0,1
79.6,64.6,25,24.7,8.3,500,56,477,2,2,6,0.112,0.812,51.29,0,0,0,0,0,0,0,0,0,0,1,0,0,0,0,1,0,0,0,0,1,0,0,0,0,1,0,0,0,0,0
81.5,75.2,54,4.2,9.0,500,404,103,2,1,1,0.808,0.923,10.3,0,1,0,0,0,0,0,0,0,0,1,0,1,0,0,0,0,0,0,0,1,0,0,0,0,0,1,0,0,0,1
40.4,22.8,5,25.7,13.75,1000,882,158,2,2,4,0.882,0.564,10.71,1,0,0,0,0,0,1,0,0,0,1,0,0,0,0,0,0,0,1,0,0,0,0,0,0,1,0,0,0,0,1
112.5,64.0,51,23.9,7.0,1000,141,71,2,2,3,0.141,0.569,8.88,0,0,0,0,0,0,0,1,0,0,1,0,0,0,1,0,0,0,0,0,0,0,0,1,0,1,0,0,0,1,1
58.9,46.3,9,23.8,15.2,500,86,142,2,2,4,0.172,0.786,8.77,1,0,0,0,0,0,0,0,0,0,1,0,0,0,0,0,0,0,0,1,0,0,0,0,0,1,0,1,0,0,0
120.4,94.0,6,24.1,13.8,1000,700,173,0,2,3,0.7,0.781,11.69,1,0,0,1,0,0,0,0,0,0,0,0,0,0,0,1,0,0,1,0,0,0,0,0,1,0,1,0,0,0,1
102.4,102.4,32,4.4,9.9,1500,1382,364,2,1,4,0.921,1.0,33.39,0,1,0,0,0,0,0,1,0,0,1,0,0,0,0,0,0,1,0,1,0,0,0,0,0,0,0,1,0,0,1
119.1,66.8,45,33.1,7.2,500,460,230,2,1,5,0.92,0.561,28.05,0,0,0,0,0,0,1,0,0,0,1,0,0,0,0,0,1,0,0,0,0,0,1,0,1,0,0,0,0,0,0
95.7,74.9,35,33.1,25.0,500,101,440,2,1,5,0.202,0.783,16.92,0,0,0,0,1,0,0,0,0,1,0,0,0,1,0,0,0,0,0,0,0,0,1,0,0,1,1,0,0,0,1
93.4,71.7,23,4.6,11.8,800,158,469,0,1,5,0.198,0.768,36.64,1,1,1,0,0,0,0,0,0,0,1,0,0,0,1,0,0,0,0,1,0,0,0,0,0,0,0,0,0,1,1
46.1,31.5,79,27.3,5.3,1500,1163,385,2,1,6,0.775,0.683,61.11,0,0,0,0,0,0,0,1,0,0,1,0,0,0,1,0,0,0,0,0,0,1,0,0,0,1,0,0,0,0,1
106.5,84.3,60,28.7,35.6,500,52,378,2,1,2,0.104,0.792,10.33,0,0,0,1,0,0,0,0,0,0,0,0,0,0,0,1,0,0,0,0,1,0,0,0,0,1,0,0,0,1,1
156.3,129.6,66,31.6,22.9,1000,444,223,2,1,4,0.444,0.829,9.33,0,0,0,0,1,0,0,0,0,1,0,0,0,0,0,0,0,0,0,0,0,1,0,0,0,1,0,0,0,1,1
116.2,78.4,7,4.4,6.2,500,57,532,0,1,4,0.114,0.675,73.89,1,1,0,1,0,0,0,0,0,0,0,0,0,0,0,0,1,0,1,0,0,0,0,0,0,0,0,0,0,1,1
71.6,51.8,14,2.7,23.8,1000,618,162,2,1,4,0.618,0.723,6.53,1,1,0,0,0,0,0,1,0,0,1,0,1,0,0,0,0,0,0,0,0,0,0,0,0,0,0,0,0,0,0
57.8,32.9,41,21.7,17.9,500,278,116,1,1,0,0.556,0.569,6.14,0,0,0,0,0,0,0,0,0,0,1,0,0,0,0,1,0,0,0,0,1,0,0,0,1,0,0,0,0,0,1
63.8,50.8,24,18.2,19.9,800,571,253,2,1,6,0.714,0.796,12.11,0,0,0,0,0,0,0,1,0,0,1,0,0,0,0,0,1,0,0,0,0,0,0,0,1,0,0,0,0,1,1
82.9,68.3,15,31.0,11.3,1000,245,271,2,1,5,0.245,0.824,22.03,1,0,0,0,0,0,0,0,0,0,1,0,0,0,0,1,0,0,0,1,0,0,0,0,0,1,0,0,0,0,1
105.1,75.6,19,2.3,10.1,500,228,75,2,1,5,0.456,0.719,6.76,1,1,1,0,0,0,0,0,0,0,1,0,0,0,0,0,0,0,0,0,0,0,0,0,0,0,0,0,1,0,1
111.7,76.7,30,2.1,6.0,1000,477,276,2,1,2,0.477,0.687,39.43,0,1,1,0,0,0,0,0,0,0,1,0,0,1,0,0,0,0,0,0,1,0,0,0,0,0,1,0,0,0,1
123.9,115.3,20,4.6,24.3,1000,141,227,2,2,0,0.141,0.931,8.97,1,1,1,0,0,0,0,0,0,0,1,0,0,0,1,0,0,0,0,0,0,0,1,0,0,0,0,1,0,0,1
106.7,70.4,48,2.4,27.3,1500,349,118,1,1,0,0.233,0.66,4.17,0,1,0,0,0,0,1,0,0,0,1,0,0,0,0,0,1,0,0,0,0,0,1,0,0,0,0,0,1,0,1
101.6,59.0,80,4.2,29.1,1000,190,378,2,2,1,0.19,0.581,12.56,0,1,0,0,0,1,0,0,0,0,0,1,0,0,0,0,0,1,0,0,0,1,0,0,0,0,0,0,1,0,1
103.8,84.3,10,3.7,15.8,1000,802,82,2,2,1,0.802,0.812,4.88,1,1,0,1,0,0,0,0,0,0,0,0,0,0,0,1,0,0,0,0,0,0,0,0,0,0,1,0,0,0,1
52.5,35.1,6,23.9,4.4,500,166,166,0,2,5,0.332,0.669,30.74,1,0,0,0,0,0,0,0,1,0,1,0,0,0,0,0,1,0,1,0,0,0,0,0,0,1,0,1,0,0,1
37.6,22.8,7,3.9,13.4,1000,786,147,2,1,1,0.786,0.606,10.21,1,1,0,1,0,0,0,0,0,0,0,0,1,0,0,0,0,0,1,0,0,0,0,0,0,0,0,0,1,0,0
64.1,53.1,181,23.0,9.8,500,64,365,2,1,0,0.128,0.828,33.8,0,0,0,1,0,0,0,0,0,0,0,0,0,1,0,0,0,0,0,0,0,0,0,1,0,1,1,0,0,0,0
100.8,73.6,2,25.1,6.4,1500,966,206,2,3,1,0.644,0.73,27.84,1,0,0,0,0,0,1,0,0,0,1,0,0,0,1,0,0,0,1,0,0,0,0,0,0,1,0,0,0,0,0
71.9,47.5,25,1.5,4.3,800,184,124,2,3,0,0.23,0.661,23.4,0,1,0,1,0,0,0,0,0,0,0,0,1,0,0,0,0,0,0,0,0,0,1,0,0,0,0,0,0,0,1
102.1,86.7,17,28.2,16.9,500,369,107,2,3,0,0.738,0.849,5.98,1,0,1,0,0,0,0,0,0,0,1,0,0,0,0,1,0,0,0,0,0,0,0,0,0,1,0,0,0,0,1
139.5,106.8,17,18.9,26.7,1500,1068,651,0,1,1,0.712,0.766,23.5,1,0,0,0,0,0,1,0,0,0,1,0,0,1,0,0,0,0,0,0,0,0,0,0,0,1,0,0,0,1,1
92.5,62.7,64,31.7,15.9,800,596,78,1,2,5,0.745,0.678,4.62,0,0,0,0,0,0,0,1,0,0,1,0,1,0,0,0,0,0,0,0,1,0,0,0,1,0,0,0,1,0,0
132.7,97.2,35,4.5,20.9,800,749,112,2,1,3,0.936,0.732,5.11,0,1,0,0,0,0,0,0,1,0,1,0,0,0,1,0,0,0,0,0,0,0,1,0,0,0,0,1,0,0,1
53.1,30.8,37,20.3,21.9,800,306,319,2,1,0,0.382,0.58,13.93,0,0,0,1,0,0,0,0,0,0,0,0,1,0,0,0,0,0,0,0,1,0,0,0,0,1,0,0,0,1,1
80.8,60.0,6,4.8,14.3,1000,661,288,0,1,3,0.661,0.743,18.82,1,1,0,1,0,0,0,0,0,0,0,0,0,0,0,1,0,0,1,0,0,0,0,0,0,0,1,0,0,0,1
104.0,87.5,9,22.7,23.8,1000,727,202,0,1,3,0.727,0.841,8.15,1,0,0,0,0,0,0,0,0,0,1,0,0,0,0,1,0,0,1,0,0,0,0,0,0,1,0,0,0,1,1
84.3,81.3,29,28.2,22.1,800,716,310,0,1,1,0.895,0.964,13.42,0,0,0,0,0,0,0,0,0,0,1,0,0,0,1,0,0,0,0,1,0,0,0,0,1,0,0,0,0,0,1
69.7,68.1,5,21.9,11.2,1000,575,380,0,1,1,0.575,0.977,31.15,1,0,1,0,0,0,0,0,0,0,1,0,0,0,0,0,1,0,1,0,0,0,0,0,0,1,0,0,0,0,0
49.3,47.0,92,3.4,13.75,500,469,137,2,1,0,0.938,0.953,9.29,0,1,1,0,0,0,0,0,0,0,1,0,0,0,0,0,0,1,0,0,0,1,0,0,0,0,0,1,0,0,1
58.0,48.7,44,22.6,18.9,500,375,252,1,2,5,0.75,0.84,12.66,0,0,1,0,0,0,0,0,0,0,1,0,0,0,0,1,0,0,0,0,0,0,1,0,0,1,0,1,0,0,0
61.7,54.0,145,27.1,4.2,1000,540,202,2,2,1,0.54,0.875,38.85,0,0,0,0,0,0,0,0,0,0,1,0,1,0,0,0,0,0,0,0,0,0,0,1,1,0,1,0,0,0,0
81.0,61.2,69,26.0,13.3,800,167,300,2,3,2,0.209,0.756,20.98,0,0,0,0,0,0,0,0,0,0,1,0,1,0,0,0,0,0,0,0,0,1,0,0,1,0,0,0,1,0,1
86.94999999999999,52.3,38,23.0,5.9,500,213,316,2,2,5,0.426,0.601,45.8,0,0,0,0,0,1,0,0,0,0,0,1,0,0,0,1,0,0,0,0,0,0,1,0,0,1,1,0,0,0,1
52.2,46.5,151,2.9,13.4,1000,306,328,2,2,5,0.306,0.891,22.78,0,1,0,0,0,0,0,1,0,0,1,0,0,0,0,0,0,1,0,0,0,0,0,1,0,0,0,0,1,0,1
127.9,106.3,21,33.1,6.4,800,407,173,0,2,3,0.509,0.831,23.38,1,0,0,0,0,0,0,0,1,0,1,0,0,0,0,0,1,0,0,0,0,0,0,0,0,1,1,0,0,0,1
84.3,79.7,57,4.2,6.4,1500,1406,428,2,2,6,0.937,0.945,57.84,0,1,0,0,0,0,0,0,1,0,1,0,0,0,0,0,0,0,0,0,1,0,0,0,0,0,1,0,0,0,0
61.2,36.9,31,33.3,15.2,800,653,424,2,3,4,0.816,0.603,26.17,0,0,0,0,1,0,0,0,0,1,0,0,0,0,0,0,1,0,0,0,0,0,0,0,1,0,1,0,0,0,0
105.2,68.4,9,32.5,9.4,500,474,371,0,3,4,0.948,0.65,35.67,1,0,1,0,0,0,0,0,0,0,1,0,0,0,0,1,0,0,1,0,0,0,0,0,1,0,0,0,0,1,0
100.9,60.1,52,26.5,3.1,1000,420,326,2,1,5,0.42,0.596,79.51,0,0,0,0,0,0,1,0,0,0,1,0,0,0,0,0,0,0,0,0,0,1,0,0,0,1,1,0,0,0,1
133.3,127.0,8,25.8,28.7,800,426,269,2,1,6,0.532,0.953,9.06,1,0,0,0,0,0,0,1,0,0,1,0,0,0,0,1,0,0,0,0,0,0,0,0,0,1,0,0,1,0,0
167.6,102.4,8,2.6,23.9,800,92,118,2,2,6,0.115,0.611,4.74,1,1,0,0,0,0,0,0,0,0,1,0,0,0,0,0,0,1,1,0,0,0,0,0,0,0,1,0,0,0,1
80.4,46.7,30,4.6,3.9,1000,836,449,2,1,6,0.836,0.581,91.63,0,1,1,0,0,0,0,0,0,0,1,0,0,0,0,0,1,0,0,1,0,0,0,0,0,0,1,0,0,0,0
84.7,68.6,9,3.0,6.4,500,322,384,0,2,4,0.644,0.81,51.89,1,1,1,0,0,0,0,0,0,0,1,0,1,0,0,0,0,0,1,0,0,0,0,0,0,0,0,0,1,0,1
47.5,28.4,18,6.5,17.7,500,335,277,2,1,1,0.67,0.598,14.81,1,1,1,0,0,0,0,0,0,0,1,0,0,0,0,0,0,0,0,0,0,0,1,0,0,0,1,0,0,0,1
69.4,67.1,30,22.0,26.2,1000,818,174,2,1,0,0.818,0.967,6.4,0,0,0,0,0,0,0,0,1,0,1,0,0,0,0,0,1,0,0,1,0,0,0,0,0,1,0,0,0,0,1
78.9,55.3,32,5.6,15.0,1500,743,257,2,2,4,0.495,0.701,16.06,0,1,1,0,0,0,0,0,0,0,1,0,1,0,0,0,0,0,0,0,0,0,1,0,0,0,1,0,0,0,1
111.0,98.3,130,27.5,6.2,500,124,229,2,1,0,0.248,0.886,31.81,0,0,0,0,0,0,0,0,0,0,1,0,1,0,0,0,0,0,0,0,0,0,0,1,0,1,0,0,0,1,1
63.9,53.3,38,2.8,13.2,800,352,119,2,2,3,0.44,0.834,8.38,0,1,0,0,0,1,0,0,0,0,0,1,0,0,1,0,0,0,0,1,0,0,0,0,0,0,0,0,0,1,1
116.0,97.1,10,27.3,17.0,500,289,122,0,1,3,0.578,0.837,6.78,1,0,0,0,1,0,0,0,0,1,0,0,0,0,0,1,0,0,0,1,0,0,0,0,0,1,0,1,0,0,1
62.4,39.7,33,2.0,17.0,1500,1396,167,2,1,0,0.931,0.636,9.28,0,1,0,0,0,0,0,1,0,0,1,0,0,0,0,1,0,0,0,0,0,1,0,0,0,0,0,0,0,1,1
105.1,75.6,19,2.3,10.1,500,228,75,2,1,5,0.456,0.719,6.76,1,1,1,0,0,0,0,0,0,0,1,0,0,0,0,0,0,0,0,0,0,0,0,0,0,0,0,0,1,0,1
132.8,120.6,17,33.0,9.3,1000,873,455,0,1,4,0.873,0.908,44.17,1,0,0,0,0,1,0,0,0,0,0,1,0,0,0,1,0,0,0,0,0,0,0,0,1,0,0,1,0,0,1
81.1,48.8,38,27.6,12.5,800,652,264,2,1,0,0.815,0.602,19.56,0,0,0,0,0,0,0,0,0,0,1,0,0,0,0,1,0,0,0,0,0,0,1,0,0,1,0,0,0,1,0
92.0,67.0,10,2.7,4.9,500,295,204,0,1,0,0.59,0.728,34.58,1,1,0,1,0,0,0,0,0,0,0,0,0,0,0,0,1,0,0,1,0,0,0,0,0,0,0,0,0,0,0
77.4,71.1,22,27.7,9.5,800,237,322,0,1,0,0.296,0.919,30.67,1,0,0,0,0,0,1,0,0,0,1,0,0,1,0,0,0,0,0,1,0,0,0,0,0,1,0,0,0,1,1
122.5,115.7,7,27.4,13.1,1000,792,148,0,2,4,0.792,0.944,10.5,1,0,0,0,0,0,0,0,0,0,1,0,0,0,0,0,0,1,1,0,0,0,0,0,0,1,0,1,0,0,0
91.0,65.3,31,2.9,23.4,1000,453,344,2,1,2,0.453,0.718,14.1,0,1,0,0,0,0,0,0,1,0,1,0,0,0,1,0,0,0,0,1,0,0,0,0,0,0,0,1,0,0,1
88.7,55.7,23,22.2,21.6,1500,900,337,2,1,5,0.6,0.628,14.91,1,0,0,0,1,0,0,0,0,1,0,0,0,1,0,0,0,0,0,0,0,0,0,0,0,1,1,0,0,0,0
99.6,77.2,27,21.7,13.6,500,65,277,2,2,0,0.13,0.775,18.97,0,0,0,0,1,0,0,0,0,1,0,0,1,0,0,0,0,0,0,1,0,0,0,0,0,1,0,0,1,0,0
60.6,39.5,116,32.5,19.2,1000,169,409,2,1,6,0.169,0.652,20.25,0,0,0,1,0,0,0,0,0,0,0,0,1,0,0,0,0,0,0,0,0,0,0,1,1,0,0,0,0,1,1
142.4,127.1,62,2.4,18.9,1500,393,132,2,2,3,0.262,0.893,6.63,0,1,0,0,0,0,0,0,0,0,1,0,0,0,0,0,0,0,0,0,0,1,0,0,0,0,0,0,0,1,1
119.7,81.4,46,2.9,20.5,800,384,277,2,3,3,0.48,0.68,12.88,0,1,0,0,0,0,0,0,0,0,1,0,0,0,0,0,0,0,0,0,0,0,1,0,0,0,0,0,1,0,1
128.3,116.2,20,22.5,5.9,500,127,128,2,2,4,0.254,0.906,18.55,1,0,0,0,0,1,0,0,0,0,0,1,0,0,0,0,0,0,0,0,0,0,0,0,0,1,0,0,1,0,0
129.1,118.4,127,28.6,14.2,1500,934,79,2,2,6,0.623,0.917,5.2,0,0,0,0,0,0,0,1,0,0,1,0,0,0,0,0,1,0,0,0,0,0,0,1,1,0,0,0,0,1,1
178.2,100.0,47,28.1,28.6,1500,1368,301,2,2,4,0.912,0.561,10.17,0,0,1,0,0,0,0,0,0,0,1,0,0,1,0,0,0,0,0,0,0,1,0,0,0,1,1,0,0,0,1
104.5,76.3,71,5.9,21.2,800,414,112,1,1,2,0.518,0.73,5.05,0,1,1,0,0,0,0,0,0,0,1,0,0,0,0,0,0,0,0,0,1,0,0,0,0,0,1,0,0,0,1
25.9,24.2,29,24.6,16.2,1000,727,375,2,1,5,0.727,0.934,21.8,0,0,0,0,0,0,1,0,0,0,1,0,0,0,0,0,1,0,0,0,0,1,0,0,0,1,0,0,0,0,1
164.0,151.9,46,24.7,17.7,1500,1146,111,2,2,5,0.764,0.926,5.94,0,0,0,1,0,0,0,0,0,0,0,0,0,0,0,1,0,0,0,0,0,0,1,0,0,1,0,1,0,0,1
63.1,48.5,15,4.5,46.7,1500,560,193,2,1,2,0.373,0.769,4.05,1,1,1,0,0,0,0,0,0,0,1,0,0,0,0,1,0,0,0,0,0,0,0,0,0,0,0,0,1,0,1
50.7,37.4,44,5.2,16.6,800,724,155,2,2,0,0.905,0.738,8.81,0,1,1,0,0,0,0,0,0,0,1,0,0,0,0,1,0,0,0,0,0,0,1,0,0,0,1,0,0,0,1
17.8,14.6,8,2.3,18.9,500,439,159,2,2,6,0.878,0.82,7.99,1,1,1,0,0,0,0,0,0,0,1,0,0,0,0,0,1,0,1,0,0,0,0,0,0,0,0,0,1,0,0
68.5,62.7,88,19.0,10.5,1000,551,137,2,1,4,0.551,0.915,11.91,0,0,0,0,0,1,0,0,0,0,0,1,1,0,0,0,0,0,0,0,0,1,0,0,0,1,1,0,0,0,1
108.9,81.3,34,2.8,16.2,1500,1245,254,2,1,6,0.83,0.747,14.77,0,1,0,0,0,0,0,0,1,0,1,0,1,0,0,0,0,0,0,1,0,0,0,0,0,0,0,1,0,0,1
67.6,60.3,40,3.4,2.7,800,635,274,2,2,1,0.794,0.892,74.05,0,1,0,0,0,1,0,0,0,0,0,1,0,0,0,0,0,0,0,0,1,0,0,0,0,0,0,0,0,0,1
116.8,72.1,26,4.4,10.0,800,436,85,2,3,3,0.545,0.617,7.73,0,1,0,0,1,0,0,0,0,1,0,0,0,1,0,0,0,0,0,0,0,0,0,0,0,0,0,0,1,0,1
165.3,67.0,43,34.5,11.7,800,293,152,2,1,5,0.366,0.405,11.97,0,0,0,0,1,0,0,0,0,1,0,0,1,0,0,0,0,0,0,0,1,0,0,0,1,0,0,1,0,0,0
158.2,128.5,45,24.2,41.2,500,266,92,2,1,0,0.532,0.812,2.18,0,0,0,0,1,0,0,0,0,1,0,0,0,0,0,0,0,0,0,0,1,0,0,0,0,1,0,0,1,0,1
86.4,64.2,31,21.7,30.9,1500,1289,404,2,2,2,0.859,0.743,12.66,0,0,0,0,0,1,0,0,0,0,0,1,0,1,0,0,0,0,0,0,0,1,0,0,0,1,1,0,0,0,1
159.8,122.2,31,4.6,32.8,1000,604,251,2,2,0,0.604,0.765,7.43,0,1,0,0,0,1,0,0,0,0,0,1,0,0,1,0,0,0,0,0,0,0,0,0,0,0,0,1,0,0,1
57.5,52.4,17,3.7,20.3,800,307,158,2,1,3,0.384,0.911,7.42,1,1,0,0,0,0,0,0,0,0,1,0,0,0,1,0,0,0,0,0,1,0,0,0,0,0,0,0,0,1,1
104.6,87.0,17,5.2,14.3,1500,722,328,0,1,1,0.481,0.832,21.44,1,1,0,0,0,0,0,1,0,0,1,0,0,0,0,1,0,0,0,0,0,0,0,0,0,0,1,0,0,0,1
97.7,55.6,116,22.5,2.9,500,464,174,2,1,2,0.928,0.569,44.62,0,0,1,0,0,0,0,0,0,0,1,0,0,0,0,0,0,1,0,0,0,0,0,1,0,1,0,0,1,0,1
26.0,19.3,28,24.8,11.0,800,372,83,1,2,4,0.465,0.742,6.92,0,0,0,1,0,0,0,0,0,0,0,0,0,0,0,1,0,0,0,0,0,0,1,0,0,1,0,0,0,0,0
35.5,27.2,86,5.4,7.2,800,298,153,2,2,1,0.372,0.766,18.66,0,1,0,0,0,0,1,0,0,0,1,0,0,1,0,0,0,0,0,0,0,1,0,0,0,0,0,1,0,0,1
52.0,38.3,113,4.7,19.1,1500,1151,204,2,1,1,0.767,0.737,10.15,0,1,1,0,0,0,0,0,0,0,1,0,0,1,0,0,0,0,0,0,0,0,0,1,0,0,0,0,1,0,1
151.4,109.2,72,4.7,12.0,1500,673,332,0,2,0,0.449,0.721,25.54,0,1,0,0,0,0,1,0,0,0,1,0,1,0,0,0,0,0,0,0,0,1,0,0,0,0,0,0,1,0,1
60.2,36.2,35,33.5,6.2,500,238,72,2,1,3,0.476,0.601,10.0,0,0,1,0,0,0,0,0,0,0,1,0,0,0,1,0,0,0,0,0,1,0,0,0,1,0,0,0,1,0,1
57.8,40.9,43,27.2,4.2,1000,757,284,2,1,4,0.757,0.708,54.62,0,0,0,1,0,0,0,0,0,0,0,0,0,1,0,0,0,0,0,0,1,0,0,0,1,0,1,0,0,0,1
64.3,59.1,26,28.9,20.2,500,434,196,2,2,2,0.868,0.919,9.25,0,0,0,0,1,0,0,0,0,1,0,0,0,0,0,0,0,0,0,0,0,0,0,0,0,1,0,0,1,0,1
58.4,44.5,22,25.9,8.4,1000,251,222,2,2,4,0.251,0.762,23.62,1,0,0,0,0,0,0,0,0,0,1,0,1,0,0,0,0,0,0,0,0,0,1,0,0,1,0,1,0,0,1
103.2,96.1,27,22.0,14.0,1500,697,227,2,1,5,0.465,0.931,15.13,0,0,0,0,0,0,0,0,0,0,1,0,0,0,0,1,0,0,0,1,0,0,0,0,0,1,0,0,0,1,1
34.3,20.5,11,33.8,12.2,1500,1328,410,0,1,3,0.885,0.598,31.06,1,0,0,1,0,0,0,0,0,0,0,0,0,0,0,0,0,0,1,0,0,0,0,0,1,0,0,0,0,0,1
74.1,42.7,30,32.8,17.4,1000,304,231,1,3,1,0.304,0.576,12.55,0,0,0,0,0,0,0,0,0,0,1,0,1,0,0,0,0,0,0,1,0,0,0,0,1,0,0,0,0,0,0
37.6,35.4,156,4.9,8.3,1000,398,387,2,3,4,0.398,0.941,41.61,0,1,0,0,0,0,0,0,1,0,1,0,1,0,0,0,0,0,0,0,0,0,0,1,0,0,1,0,0,0,1
76.4,59.0,26,6.6,9.5,800,237,287,2,1,4,0.296,0.772,27.33,0,1,0,0,0,0,0,0,1,0,1,0,1,0,0,0,0,0,0,1,0,0,0,0,0,0,0,0,0,0,1
83.1,54.6,23,2.9,10.1,1000,756,77,2,1,3,0.756,0.657,6.94,1,1,0,1,0,0,0,0,0,0,0,0,1,0,0,0,0,0,0,1,0,0,0,0,0,0,0,0,1,0,0
159.9,131.4,48,25.7,30.0,800,660,199,2,2,6,0.825,0.822,6.42,0,0,0,1,0,0,0,0,0,0,0,0,0,0,0,0,1,0,0,0,0,1,0,0,0,1,0,0,1,0,0
137.0,79.9,18,21.5,23.1,800,529,302,2,3,1,0.661,0.583,12.53,1,0,0,0,0,0,0,0,0,0,1,0,0,0,0,1,0,0,0,1,0,0,0,0,0,1,1,0,0,0,0
69.8,40.4,167,24.9,24.8,1000,214,128,2,3,6,0.214,0.579,4.96,0,0,0,1,0,0,0,0,0,0,0,0,0,0,0,0,1,0,0,0,0,0,0,1,0,1,0,1,0,0,1
156.2,125.6,6,21.9,24.0,1000,739,275,0,2,5,0.739,0.804,11.0,1,0,0,0,0,0,1,0,0,0,1,0,0,0,0,0,1,0,1,0,0,0,0,0,0,1,0,1,0,0,1
103.8,88.7,8,27.3,10.8,1500,800,163,0,2,2,0.533,0.855,13.81,1,0,0,1,0,0,0,0,0,0,0,0,0,0,0,0,1,0,1,0,0,0,0,0,0,1,0,0,0,0,1
166.5,113.1,32,28.6,9.8,1000,798,276,2,3,1,0.798,0.679,25.56,0,0,0,0,0,0,0,0,1,0,1,0,0,0,0,1,0,0,0,0,0,0,1,0,0,1,0,0,0,1,0
66.5,47.3,34,22.8,13.4,800,109,396,2,2,3,0.136,0.711,27.5,0,0,1,0,0,0,0,0,0,0,1,0,0,0,0,0,1,0,0,1,0,0,0,0,0,1,0,0,0,1,1
93.1,73.5,15,23.9,19.5,1000,776,425,2,1,2,0.776,0.789,20.73,1,0,0,0,0,0,0,0,0,0,1,0,0,0,1,0,0,0,0,0,0,0,0,0,0,1,0,1,0,0,1
158.3,128.8,76,3.6,7.8,800,666,475,2,2,2,0.832,0.814,53.98,0,1,1,0,0,0,0,0,0,0,1,0,0,1,0,0,0,0,0,0,0,1,0,0,0,0,1,0,0,0,0
35.6,23.7,31,27.5,8.3,500,385,51,1,3,6,0.77,0.666,5.48,0,0,0,0,0,0,0,0,0,0,1,0,0,0,0,1,0,0,0,1,0,0,0,0,1,0,1,0,0,0,1
130.0,97.6,10,25.2,16.1,1000,828,374,0,2,5,0.828,0.751,21.87,1,0,1,0,0,0,0,0,0,0,1,0,0,0,0,1,0,0,1,0,0,0,0,0,0,1,0,1,0,0,1
91.7,67.0,6,3.9,4.5,1500,1122,236,0,2,6,0.748,0.731,42.91,1,1,0,1,0,0,0,0,0,0,0,0,0,0,0,0,1,0,1,0,0,0,0,0,0,0,0,0,0,0,1
115.8,79.0,8,25.7,4.0,800,397,229,0,2,2,0.496,0.682,45.8,1,0,1,0,0,0,0,0,0,0,1,0,0,0,0,1,0,0,1,0,0,0,0,0,0,1,0,0,0,0,1
63.3,56.8,63,32.2,17.8,800,305,148,2,1,4,0.381,0.897,7.87,0,0,0,1,0,0,0,0,0,0,0,0,0,0,0,1,0,0,0,0,0,1,0,0,1,0,0,0,0,1,1
63.7,54.7,75,34.6,14.2,1000,869,245,2,1,0,0.869,0.859,16.12,0,0,0,0,0,1,0,0,0,0,0,1,0,0,0,0,0,0,0,0,0,1,0,0,1,0,0,1,0,0,1
44.5,41.7,31,20.5,9.7,1500,665,373,2,2,1,0.443,0.937,34.86,0,0,0,1,0,0,0,0,0,0,0,0,0,0,0,0,1,0,0,0,0,0,1,0,1,0,0,0,0,0,1
88.7,62.3,11,5.1,20.3,1000,932,182,2,1,0,0.932,0.702,8.54,1,1,1,0,0,0,0,0,0,0,1,0,0,1,0,0,0,0,0,0,0,0,0,0,0,0,0,0,1,0,1
138.5,81.1,22,25.1,6.4,1000,616,228,0,1,4,0.616,0.586,30.81,1,0,1,0,0,0,0,0,0,0,1,0,0,1,0,0,0,0,0,1,0,0,0,0,0,1,0,0,0,1,1
89.2,74.8,18,29.2,19.2,500,186,589,2,1,5,0.372,0.839,29.16,1,0,1,0,0,0,0,0,0,0,1,0,0,0,0,0,1,0,0,1,0,0,0,0,0,1,0,0,0,0,1
155.9,67.0,24,35.8,2.8,800,134,470,0,1,6,0.168,0.43,123.68,0,0,0,1,0,0,0,0,0,0,0,0,1,0,0,0,0,0,0,0,0,0,0,0,1,0,0,0,0,0,0
192.2,192.2,24,31.7,3.2,1500,268,346,0,1,4,0.179,1.0,82.38,0,0,0,1,0,0,0,0,0,0,0,0,0,1,0,0,0,0,0,1,0,0,0,0,1,0,0,0,0,1,0
56.4,47.2,31,4.0,13.2,500,326,158,2,2,0,0.652,0.837,11.13,0,1,0,0,0,0,0,0,0,0,1,0,0,0,0,0,0,1,0,0,0,0,0,1,0,0,0,1,0,0,1
113.5,100.1,7,26.6,9.8,500,454,634,0,3,3,0.908,0.882,58.7,1,0,0,0,1,0,0,0,0,1,0,0,0,0,0,1,0,0,1,0,0,0,0,0,0,1,0,0,0,0,1
178.7,153.8,78,36.7,7.7,800,314,120,2,1,4,0.392,0.861,13.79,0,0,1,0,0,0,0,0,0,0,1,0,0,0,0,0,0,1,0,0,0,1,0,0,1,0,0,0,0,1,1
50.0,31.7,102,4.7,15.6,1500,1064,268,2,1,6,0.709,0.634,16.14,0,1,0,0,1,0,0,0,0,1,0,0,1,0,0,0,0,0,0,0,0,0,0,1,0,0,1,0,0,0,1
43.1,34.4,41,8.0,20.6,1500,451,292,2,1,3,0.301,0.798,13.52,0,1,0,0,0,0,1,0,0,0,1,0,1,0,0,0,0,0,0,1,0,0,0,0,0,0,0,0,1,0,1
99.9,67.6,55,4.8,5.3,800,536,249,2,2,0,0.67,0.677,39.52,0,1,0,0,0,0,0,0,1,0,1,0,0,0,0,0,1,0,0,0,0,0,0,1,0,0,0,0,0,0,1
215.7,148.3,41,6.6,16.6,1500,220,227,2,3,2,0.147,0.688,12.9,0,1,0,0,0,0,0,1,0,0,1,0,0,0,0,1,0,0,0,0,0,1,0,0,0,0,0,0,1,0,1
56.4,45.1,16,22.1,54.2,1500,715,265,2,1,5,0.477,0.8,4.8,1,0,0,0,1,0,0,0,0,1,0,0,0,0,0,0,0,1,0,0,0,0,0,0,0,1,0,0,1,0,1
58.7,57.5,24,33.6,10.7,800,276,173,2,3,6,0.345,0.98,14.79,0,0,0,0,0,1,0,0,0,0,0,1,0,0,0,1,0,0,0,0,0,0,1,0,1,0,1,0,0,0,0
61.9,39.5,22,5.0,11.7,800,584,376,0,1,3,0.73,0.638,29.61,1,1,0,1,0,0,0,0,0,0,0,0,0,1,0,0,0,0,0,1,0,0,0,0,0,0,1,0,0,0,1
100.4,90.7,109,29.0,29.3,500,425,150,2,2,1,0.85,0.903,4.95,0,0,1,0,0,0,0,0,0,0,1,0,1,0,0,0,0,0,0,0,0,1,0,0,1,0,1,0,0,0,0
161.3,121.6,48,27.4,9.1,500,382,168,2,2,3,0.764,0.754,16.63,0,0,0,0,0,0,0,1,0,0,1,0,0,0,0,0,0,0,0,0,1,0,0,0,1,0,1,0,0,0,1
119.8,109.7,176,27.5,20.1,800,421,266,2,1,1,0.526,0.916,12.61,0,0,0,0,0,0,1,0,0,0,1,0,1,0,0,0,0,0,0,0,0,0,0,1,0,1,0,0,0,1,1
170.5,67.0,78,3.9,4.8,800,668,492,0,2,5,0.835,0.393,84.83,0,1,0,0,0,0,0,1,0,0,1,0,0,0,1,0,0,0,0,0,0,1,0,0,0,0,0,0,1,0,1
50.5,49.3,30,4.9,15.7,1500,939,96,1,1,1,0.626,0.976,5.75,0,1,0,1,0,0,0,0,0,0,0,0,0,0,0,0,1,0,0,1,0,0,0,0,0,0,0,0,0,1,1
86.94999999999999,62.7,82,4.0,17.6,800,253,247,2,2,0,0.316,0.721,13.28,0,1,0,0,0,0,1,0,0,0,1,0,1,0,0,0,0,0,0,0,0,1,0,0,0,0,1,0,0,0,1
132.7,115.6,48,23.7,13.3,1000,611,343,2,3,5,0.611,0.871,23.99,0,0,0,0,0,0,0,1,0,0,1,0,0,0,1,0,0,0,0,0,1,0,0,0,0,1,0,0,0,0,0
129.9,85.2,50,22.0,35.9,500,117,122,2,1,1,0.234,0.656,3.31,0,0,1,0,0,0,0,0,0,0,1,0,0,0,1,0,0,0,0,0,0,0,1,0,0,1,0,0,1,0,0
36.2,27.1,192,28.7,22.1,800,140,299,1,1,1,0.175,0.749,12.94,0,0,0,0,1,0,0,0,0,1,0,0,0,0,0,1,0,0,0,0,0,0,0,1,1,0,0,0,0,0,1
95.8,67.0,86,21.5,16.0,500,98,230,2,2,3,0.196,0.699,13.53,0,0,0,0,0,0,0,0,1,0,1,0,0,1,0,0,0,0,0,0,0,0,0,1,0,1,0,1,0,0,0
179.9,154.5,35,24.7,19.8,1000,701,206,2,1,2,0.701,0.859,9.9,0,0,0,0,0,0,0,0,1,0,1,0,0,0,1,0,0,0,0,0,0,0,1,0,0,1,0,0,1,0,0
103.6,82.4,122,27.2,7.7,500,97,234,2,2,6,0.194,0.795,26.9,0,0,0,0,1,0,0,0,0,1,0,0,0,0,0,1,0,0,0,0,0,0,0,1,0,1,0,0,1,0,0
43.2,67.0,83,30.8,18.6,1500,241,216,2,3,1,0.161,1.551,11.02,0,0,0,0,0,0,0,0,0,0,1,0,0,0,0,1,0,0,0,0,0,1,0,0,1,0,0,0,1,0,1
86.0,50.2,23,28.2,14.6,1000,838,305,0,1,6,0.838,0.584,19.55,1,0,0,0,0,0,1,0,0,0,1,0,1,0,0,0,0,0,0,0,0,0,1,0,1,0,0,0,0,0,1
120.4,116.8,66,30.3,13.7,1500,825,174,2,1,5,0.55,0.97,11.84,0,0,0,1,0,0,0,0,0,0,0,0,0,0,0,0,1,0,0,0,0,1,0,0,1,0,0,0,0,0,0
59.7,56.3,22,20.2,28.6,800,565,273,2,2,0,0.706,0.943,9.22,1,0,0,0,0,1,0,0,0,0,0,1,0,0,0,0,0,1,0,1,0,0,0,0,0,1,1,0,0,0,1
140.7,134.6,197,26.2,14.5,1500,242,300,2,1,0,0.161,0.957,19.35,0,0,0,0,0,1,0,0,0,0,0,1,0,0,0,0,1,0,0,0,0,0,0,1,0,1,0,0,0,1,1
54.1,42.1,47,1.2,22.7,1000,891,242,2,1,1,0.891,0.778,10.21,0,1,0,0,0,0,0,0,0,0,1,0,0,1,0,0,0,0,0,0,1,0,0,0,0,0,0,0,1,0,1
131.1,97.0,7,30.0,16.5,1000,207,517,0,3,5,0.207,0.74,29.54,1,0,0,0,1,0,0,0,0,1,0,0,0,1,0,0,0,0,1,0,0,0,0,0,0,1,0,0,1,0,0
166.4,128.0,88,22.4,19.9,1000,152,331,2,3,6,0.152,0.769,15.84,0,0,1,0,0,0,0,0,0,0,1,0,1,0,0,0,0,0,0,0,0,1,0,0,0,1,0,0,0,0,1
60.7,47.0,65,25.2,33.9,500,106,449,2,2,2,0.212,0.774,12.87,0,0,0,0,0,0,0,0,0,0,1,0,0,0,0,0,0,1,0,0,0,1,0,0,0,1,0,0,0,0,1
97.8,86.6,54,5.3,10.3,800,319,109,2,3,1,0.399,0.885,9.65,0,1,0,0,0,0,0,1,0,0,1,0,0,0,0,0,0,0,0,0,0,0,1,0,0,0,0,0,0,0,1
73.8,64.2,64,21.6,12.4,500,265,226,2,1,1,0.53,0.87,16.87,0,0,0,0,0,0,1,0,0,0,1,0,0,0,0,0,0,1,0,0,0,0,0,1,0,1,0,0,1,0,1
56.4,67.0,149,4.0,13.2,500,326,158,2,2,0,0.652,1.188,11.13,0,1,0,0,0,0,0,0,0,0,1,0,0,0,0,0,0,1,0,0,0,0,0,1,0,0,0,1,0,0,1
70.9,47.1,18,5.0,7.3,500,432,187,2,2,5,0.864,0.664,22.53,1,1,0,0,0,0,0,1,0,0,1,0,1,0,0,0,0,0,0,1,0,0,0,0,0,0,0,0,0,1,1
91.6,60.7,14,24.6,22.1,500,216,486,2,2,2,0.432,0.663,21.04,1,0,0,0,0,1,0,0,0,0,0,1,0,0,1,0,0,0,0,0,0,0,0,0,0,1,1,0,0,0,1
70.7,42.5,29,3.4,19.1,800,240,173,2,2,3,0.3,0.601,8.61,0,1,0,0,0,1,0,0,0,0,0,1,0,0,1,0,0,0,0,1,0,0,0,0,0,0,0,0,0,1,1
119.3,105.3,19,4.7,23.0,1500,1244,207,2,3,2,0.829,0.883,8.62,1,1,0,0,0,1,0,0,0,0,0,1,0,0,0,0,0,1,0,1,0,0,0,0,0,0,0,0,1,0,1
147.7,108.7,13,3.6,14.2,800,483,270,0,1,4,0.604,0.736,17.76,1,1,0,1,0,0,0,0,0,0,0,0,0,0,0,0,0,1,0,1,0,0,0,0,0,0,0,0,0,0,1
86.0,83.6,31,25.2,15.4,500,370,78,2,2,6,0.74,0.972,4.76,0,0,0,0,0,0,0,0,1,0,1,0,0,1,0,0,0,0,0,0,0,0,1,0,0,1,0,0,0,1,1
102.4,67.0,71,27.0,13.75,1500,514,311,0,2,1,0.343,0.654,21.08,0,0,0,0,1,0,0,0,0,1,0,0,0,1,0,0,0,0,0,0,1,0,0,0,0,1,1,0,0,0,1
124.8,72.7,6,22.5,12.1,1000,659,137,0,3,6,0.659,0.583,10.46,1,0,0,0,0,1,0,0,0,0,0,1,1,0,0,0,0,0,1,0,0,0,0,0,0,1,0,0,1,0,1
41.1,28.1,28,17.7,21.1,1500,1144,227,2,2,3,0.763,0.684,10.27,0,0,0,0,0,0,0,0,0,0,1,0,0,0,0,1,0,0,0,1,0,0,0,0,0,1,0,0,0,0,1
91.5,83.5,19,29.6,37.1,1000,347,181,2,1,4,0.347,0.913,4.75,1,0,0,0,0,0,0,1,0,0,1,0,0,0,0,0,0,0,0,1,0,0,0,0,1,0,0,0,0,1,0
227.7,189.3,31,2.6,9.4,1000,321,172,2,2,0,0.321,0.831,16.54,0,1,0,0,0,0,0,1,0,0,1,0,1,0,0,0,0,0,0,0,1,0,0,0,0,0,0,0,0,1,0
128.3,115.5,61,4.5,16.5,500,169,227,2,2,0,0.338,0.9,12.97,0,1,0,0,0,0,1,0,0,0,1,0,1,0,0,0,0,0,0,0,0,1,0,0,0,0,0,0,0,1,0
66.7,61.5,19,32.5,5.1,800,524,150,2,3,1,0.655,0.922,24.59,1,0,0,0,0,0,0,0,1,0,1,0,0,0,0,0,0,0,0,0,0,0,0,0,1,0,1,0,0,0,1
89.0,59.1,29,22.4,13.8,1500,1423,199,2,1,1,0.949,0.664,13.45,0,0,0,0,0,0,0,0,1,0,1,0,0,0,0,1,0,0,0,0,0,0,1,0,1,0,0,1,0,0,1
101.1,79.8,29,22.8,13.75,1500,818,229,2,2,1,0.545,0.789,15.53,0,0,0,0,1,0,0,0,0,1,0,0,1,0,0,0,0,0,0,0,1,0,0,0,0,1,0,0,0,1,1
97.8,60.3,25,34.4,24.4,1000,388,84,2,1,3,0.388,0.617,3.31,0,0,0,0,0,0,1,0,0,0,1,0,0,0,0,0,1,0,0,0,0,0,0,0,0,1,0,1,0,0,1
71.1,58.5,44,28.5,3.3,500,403,321,2,1,5,0.806,0.823,74.65,0,0,0,0,0,0,1,0,0,0,1,0,0,0,0,1,0,0,0,0,1,0,0,0,0,1,0,0,1,0,1
100.0,67.2,97,28.4,15.6,500,76,126,2,1,1,0.152,0.672,7.59,0,0,0,1,0,0,0,0,0,0,0,0,0,0,0,1,0,0,0,0,0,1,0,0,1,0,0,0,1,0,1
77.4,50.7,51,32.0,20.4,500,408,182,2,2,5,0.816,0.655,8.5,0,0,0,0,0,1,0,0,0,0,0,1,0,1,0,0,0,0,0,0,1,0,0,0,1,0,0,0,0,1,1
43.8,39.3,28,25.9,7.4,500,295,205,2,3,1,0.59,0.897,24.4,0,0,0,1,0,0,0,0,0,0,0,0,0,0,0,0,0,0,0,0,1,0,0,0,0,1,0,0,0,1,1
79.3,50.5,94,3.2,16.6,800,242,202,1,1,4,0.302,0.637,11.48,0,1,0,0,0,0,0,1,0,0,1,0,0,0,1,0,0,0,0,0,0,0,0,1,0,0,0,0,1,0,0
144.5,118.0,52,24.5,4.0,1000,854,165,2,2,1,0.854,0.817,33.0,0,0,0,0,0,0,1,0,0,0,1,0,0,0,1,0,0,0,0,0,0,0,1,0,1,0,1,0,0,0,1
114.6,76.3,8,4.4,16.9,1000,223,291,2,2,2,0.223,0.666,16.26,1,1,0,0,0,0,0,1,0,0,1,0,0,0,0,0,0,0,1,0,0,0,0,0,0,0,0,1,0,0,1
100.8,77.1,10,27.3,26.0,800,431,159,2,2,0,0.539,0.765,5.89,1,0,0,0,1,0,0,0,0,1,0,0,0,0,0,0,0,1,0,0,0,0,0,0,0,1,0,1,0,0,0
76.1,67.0,34,3.6,12.0,500,225,144,2,1,3,0.45,0.88,11.08,0,1,0,0,0,0,1,0,0,0,1,0,0,0,0,0,1,0,0,0,0,1,0,0,0,0,0,1,0,0,1
141.0,98.1,122,37.6,14.6,1000,833,131,2,2,0,0.833,0.696,8.4,0,0,1,0,0,0,0,0,0,0,1,0,0,0,0,0,0,1,0,0,0,1,0,0,1,0,0,1,0,0,0
73.5,68.6,50,28.7,10.9,1000,105,101,2,2,1,0.105,0.933,8.49,0,0,0,1,0,0,0,0,0,0,0,0,0,0,0,0,1,0,0,0,0,0,1,0,1,0,0,0,0,0,1
54.5,31.8,31,37.8,20.3,800,513,413,2,1,4,0.641,0.583,19.39,0,0,0,0,0,0,0,0,0,0,1,0,0,0,0,0,0,1,0,0,0,1,0,0,1,0,0,0,0,1,0
80.1,73.0,8,23.3,20.7,500,399,255,2,3,5,0.798,0.911,11.75,1,0,0,0,0,0,1,0,0,0,1,0,1,0,0,0,0,0,0,0,0,0,0,0,0,1,0,0,0,0,1
60.3,57.2,28,29.3,7.1,1500,1137,373,0,1,5,0.758,0.949,46.05,0,0,1,0,0,0,0,0,0,0,1,0,0,0,0,0,0,0,0,0,0,0,1,0,1,0,0,0,0,1,1
120.6,71.5,28,24.9,14.1,1500,1284,423,0,1,4,0.856,0.593,28.01,0,0,0,0,0,0,0,0,1,0,1,0,0,0,0,0,0,1,0,0,1,0,0,0,0,1,1,0,0,0,1
85.0,69.3,52,37.2,15.8,1000,797,200,2,2,0,0.797,0.815,11.9,0,0,0,0,0,0,0,1,0,0,1,0,0,0,0,0,1,0,0,0,1,0,0,0,1,0,0,0,1,0,1
70.4,57.7,170,26.5,21.4,1500,1062,93,1,1,0,0.708,0.82,4.15,0,0,0,0,0,1,0,0,0,0,0,1,0,0,1,0,0,0,0,0,0,0,0,1,1,0,1,0,0,0,1
62.4,35.7,55,3.9,11.7,1500,1142,407,2,1,0,0.761,0.572,32.05,0,1,0,0,0,1,0,0,0,0,0,1,1,0,0,0,0,0,0,0,1,0,0,0,0,0,0,0,1,0,0
150.6,109.4,37,24.2,12.9,500,100,252,2,2,4,0.2,0.726,18.13,0,0,0,1,0,0,0,0,0,0,0,0,0,0,0,0,0,0,0,0,0,0,1,0,0,1,1,0,0,0,1
92.4,58.7,10,24.4,4.9,1000,602,382,0,2,4,0.602,0.635,64.75,1,0,0,0,0,0,0,0,0,0,1,0,0,0,0,1,0,0,1,0,0,0,0,0,0,1,0,0,0,1,1
95.8,87.9,86,21.5,16.0,500,98,230,2,2,3,0.196,0.918,13.53,0,0,0,0,0,0,0,0,1,0,1,0,0,1,0,0,0,0,0,0,0,0,0,1,0,1,0,1,0,0,0
52.5,30.1,14,1.6,28.0,1000,729,188,2,1,6,0.729,0.573,6.48,1,1,0,0,0,0,0,0,0,0,1,0,0,0,0,0,0,0,0,0,0,0,0,0,0,0,1,0,0,0,0
119.8,109.7,176,27.5,20.1,800,421,266,2,1,1,0.526,0.916,12.61,0,0,0,0,0,0,1,0,0,0,1,0,1,0,0,0,0,0,0,0,0,0,0,1,0,1,0,0,0,1,1
62.8,50.4,31,3.5,12.9,500,72,88,2,1,6,0.144,0.803,6.33,0,1,0,0,0,0,1,0,0,0,1,0,0,0,0,0,0,1,0,0,1,0,0,0,0,0,0,1,0,0,1
204.0,144.8,19,29.8,9.2,1500,1401,176,0,2,2,0.934,0.71,17.25,1,0,0,1,0,0,0,0,0,0,0,0,1,0,0,0,0,0,0,0,0,0,0,0,0,1,1,0,0,0,1
55.8,40.8,31,28.2,12.1,1000,271,221,2,1,6,0.271,0.731,16.87,0,0,0,0,0,1,0,0,0,0,0,1,0,0,0,1,0,0,0,0,0,0,0,0,1,0,0,0,0,1,1
76.9,43.1,89,24.5,19.3,1500,337,173,2,3,5,0.225,0.56,8.52,0,0,0,0,0,0,0,1,0,0,1,0,1,0,0,0,0,0,0,0,0,1,0,0,0,1,0,0,0,1,1
128.0,89.6,174,27.9,13.7,800,502,334,0,2,0,0.628,0.7,22.72,0,0,0,1,0,0,0,0,0,0,0,0,0,0,0,0,0,0,0,0,0,0,0,1,0,1,0,0,0,1,1
95.9,66.6,53,22.7,21.7,800,434,255,2,2,1,0.542,0.694,11.23,0,0,0,0,0,0,0,0,0,0,1,0,1,0,0,0,0,0,0,0,0,1,0,0,0,1,0,0,0,1,1
88.0,83.5,165,3.8,11.2,500,310,259,2,1,0,0.62,0.949,21.23,0,1,0,0,1,0,0,0,0,1,0,0,0,0,0,0,0,1,0,0,0,0,0,1,0,0,1,0,0,0,1
110.7,85.6,32,25.5,13.1,1000,129,357,2,1,3,0.129,0.773,25.32,0,0,0,0,0,0,0,0,0,0,1,0,0,0,1,0,0,0,0,1,0,0,0,0,0,1,0,0,0,1,0
91.3,60.1,10,24.0,18.0,1500,1078,454,2,1,1,0.719,0.658,23.89,1,0,0,1,0,0,0,0,0,0,0,0,0,1,0,0,0,0,1,0,0,0,0,0,0,1,0,0,1,0,1
118.0,70.6,122,23.2,24.6,1000,438,169,1,1,1,0.438,0.598,6.6,0,0,0,0,0,1,0,0,0,0,0,1,0,1,0,0,0,0,0,0,0,0,0,1,0,1,0,0,0,0,0
81.2,52.0,140,27.6,14.9,1000,675,300,2,2,5,0.675,0.64,18.87,0,0,0,0,0,1,0,0,0,0,0,1,0,0,0,0,0,0,0,0,0,0,0,1,1,0,1,0,0,0,1
102.5,83.9,31,2.5,16.4,500,208,315,2,2,4,0.416,0.819,18.1,0,1,0,1,0,0,0,0,0,0,0,0,0,0,0,0,0,1,0,0,0,0,0,0,0,0,0,0,1,0,0
112.1,112.1,174,24.2,14.6,1500,821,159,2,1,2,0.547,1.0,10.19,0,0,1,0,0,0,0,0,0,0,1,0,0,0,0,0,1,0,0,0,0,0,0,1,0,1,0,0,1,0,0
68.3,67.0,31,24.8,5.8,1000,764,144,2,3,1,0.764,0.981,21.18,0,0,1,0,0,0,0,0,0,0,1,0,0,1,0,0,0,0,0,1,0,0,0,0,0,1,0,0,0,1,1
33.7,23.0,3,2.4,16.1,1000,191,216,2,1,5,0.191,0.682,12.63,1,1,1,0,0,0,0,0,0,0,1,0,0,0,0,1,0,0,1,0,0,0,0,0,0,0,0,0,0,1,1
58.1,39.2,31,20.9,12.8,800,395,189,2,2,3,0.494,0.675,13.7,0,0,0,0,0,0,0,0,0,0,1,0,1,0,0,0,0,0,0,0,0,1,0,0,1,0,0,1,0,0,1
63.0,59.9,34,30.1,6.7,1000,496,245,2,1,4,0.496,0.951,31.82,0,0,0,0,1,0,0,0,0,1,0,0,1,0,0,0,0,0,0,0,0,1,0,0,0,1,0,1,0,0,1
99.2,91.7,40,28.8,11.5,1000,779,368,0,2,2,0.779,0.924,29.44,0,0,0,0,0,0,0,1,0,0,1,0,0,1,0,0,0,0,0,0,0,0,1,0,1,0,0,1,0,0,1
70.0,59.9,12,5.8,14.9,800,166,71,2,1,2,0.208,0.856,4.47,1,1,0,0,0,0,0,0,1,0,1,0,1,0,0,0,0,0,0,0,0,0,0,0,0,0,0,0,0,1,1
128.6,95.3,55,26.2,7.7,800,504,275,2,1,0,0.63,0.741,31.61,0,0,0,1,0,0,0,0,0,0,0,0,0,1,0,0,0,0,0,0,1,0,0,0,0,1,0,1,0,0,1
84.6,48.7,36,3.1,22.9,1000,573,175,2,2,2,0.573,0.576,7.32,0,1,0,0,1,0,0,0,0,1,0,0,0,0,0,0,0,0,0,1,0,0,0,0,0,0,0,0,1,0,1
123.6,83.8,7,20.6,38.2,500,303,63,2,2,3,0.606,0.678,1.61,1,0,0,0,0,0,0,1,0,0,1,0,0,0,0,0,0,1,1,0,0,0,0,0,0,1,0,0,0,1,1
147.0,91.1,8,27.9,19.1,1000,681,421,0,2,6,0.681,0.62,20.95,1,0,0,1,0,0,0,0,0,0,0,0,1,0,0,0,0,0,1,0,0,0,0,0,1,0,0,1,0,0,1
89.1,67.0,105,36.2,36.3,500,414,344,2,2,0,0.828,0.752,9.22,0,0,0,0,0,0,0,0,1,0,1,0,0,0,0,1,0,0,0,0,0,1,0,0,1,0,1,0,0,0,0
86.94999999999999,55.1,53,29.6,12.9,1500,906,227,2,1,5,0.604,0.634,16.33,0,0,0,0,0,1,0,0,0,0,0,1,1,0,0,0,0,0,0,0,0,1,0,0,1,0,0,0,1,0,1
138.9,85.6,23,2.7,15.9,1500,498,129,2,3,0,0.332,0.616,7.63,1,1,0,0,1,0,0,0,0,1,0,0,0,1,0,0,0,0,0,1,0,0,0,0,0,0,0,1,0,0,1
110.6,93.8,7,1.8,14.5,1000,341,213,0,1,1,0.341,0.848,13.74,1,1,0,0,0,1,0,0,0,0,0,1,1,0,0,0,0,0,1,0,0,0,0,0,0,0,0,0,1,0,1
50.9,34.2,136,26.0,12.0,800,282,353,2,2,1,0.352,0.672,27.15,0,0,0,1,0,0,0,0,0,0,0,0,0,0,1,0,0,0,0,0,0,0,0,1,0,1,0,1,0,0,0
119.2,119.2,74,5.7,8.0,1000,832,163,2,1,3,0.832,1.0,18.11,0,1,0,0,1,0,0,0,0,1,0,0,0,0,0,0,0,0,0,0,1,0,0,0,0,0,0,0,0,1,0
180.8,147.8,82,31.9,8.5,500,349,430,0,1,3,0.698,0.817,45.26,0,0,0,0,0,0,0,0,1,0,1,0,0,0,0,1,0,0,0,0,0,0,0,1,0,1,0,0,0,0,1
54.8,40.2,66,5.3,20.7,800,231,285,2,3,6,0.289,0.734,13.13,0,1,0,0,0,0,0,0,0,0,1,0,1,0,0,0,0,0,0,0,1,0,0,0,0,0,0,1,0,0,1
79.1,68.7,31,20.8,6.7,800,421,100,2,1,1,0.526,0.869,12.99,0,0,1,0,0,0,0,0,0,0,1,0,0,0,0,0,0,0,0,1,0,0,0,0,0,1,0,0,1,0,1
107.9,91.6,98,5.7,11.7,1500,220,164,2,3,4,0.147,0.849,12.91,0,1,1,0,0,0,0,0,0,0,1,0,0,0,0,0,0,1,0,0,0,0,0,1,0,0,1,0,0,0,1
52.5,32.6,7,3.9,26.2,1500,448,142,2,2,2,0.299,0.621,5.22,1,1,0,0,0,0,1,0,0,0,1,0,0,1,0,0,0,0,1,0,0,0,0,0,0,0,0,0,1,0,0
199.1,143.1,15,30.6,14.4,1500,814,346,0,2,5,0.543,0.719,22.47,1,0,0,0,0,0,0,0,1,0,1,0,0,0,1,0,0,0,0,0,0,0,0,0,1,0,0,0,0,1,1
189.7,148.0,17,28.9,9.9,1500,1331,104,2,1,6,0.887,0.78,9.54,1,0,1,0,0,0,0,0,0,0,1,0,0,0,0,0,0,0,0,0,0,0,0,0,0,1,0,0,0,1,0
78.5,71.1,9,36.5,2.8,800,666,165,2,2,0,0.832,0.906,43.42,1,0,0,0,0,0,0,0,1,0,1,0,0,0,0,1,0,0,1,0,0,0,0,0,1,0,0,0,0,1,0
118.8,105.8,53,23.8,5.0,800,272,148,2,1,0,0.34,0.891,24.67,0,0,0,0,0,1,0,0,0,0,0,1,0,0,0,0,1,0,0,0,0,0,0,1,0,1,0,0,0,1,1
63.1,50.0,39,28.3,9.5,500,168,276,2,1,4,0.336,0.792,26.29,0,0,0,1,0,0,0,0,0,0,0,0,1,0,0,0,0,0,0,0,0,0,1,0,1,0,0,0,0,1,1
58.5,67.0,21,3.4,17.9,1500,419,183,2,2,1,0.279,1.145,9.68,1,1,0,0,0,0,0,1,0,0,1,0,0,0,0,0,0,0,0,1,0,0,0,0,0,0,0,0,0,1,1
48.5,36.3,31,31.1,6.0,1500,353,275,2,2,4,0.235,0.748,39.29,0,0,0,0,1,0,0,0,0,1,0,0,0,1,0,0,0,0,0,1,0,0,0,0,0,1,0,0,1,0,1
57.2,53.8,19,4.3,19.9,1500,544,282,2,1,0,0.363,0.941,13.49,1,1,0,0,0,1,0,0,0,0,0,1,0,0,0,1,0,0,0,1,0,0,0,0,0,0,0,1,0,0,1
78.9,47.8,19,29.1,9.8,500,260,257,2,1,1,0.52,0.606,23.8,1,0,0,0,0,0,1,0,0,0,1,0,1,0,0,0,0,0,0,1,0,0,0,0,0,1,0,0,0,0,1
82.8,64.9,5,25.7,6.7,500,106,138,0,2,6,0.212,0.784,17.92,1,0,0,0,0,0,0,1,0,0,1,0,0,0,0,0,1,0,1,0,0,0,0,0,0,1,0,0,1,0,1
81.7,75.2,31,3.6,13.5,1500,541,209,2,1,2,0.361,0.92,14.41,0,1,0,0,0,0,1,0,0,0,1,0,0,0,0,0,0,0,0,0,0,0,0,1,0,0,0,0,1,0,1
83.1,47.0,25,5.5,8.2,800,575,222,2,3,4,0.719,0.566,24.13,0,1,1,0,0,0,0,0,0,0,1,0,0,0,0,1,0,0,0,0,0,0,1,0,0,0,0,0,1,0,1
178.0,139.9,44,24.6,23.1,1500,1206,181,2,2,2,0.804,0.786,7.51,0,0,1,0,0,0,0,0,0,0,1,0,0,0,0,0,0,0,0,1,0,0,0,0,0,1,1,0,0,0,1
69.8,66.6,159,25.2,22.3,1000,294,243,2,2,3,0.294,0.954,10.43,0,0,0,0,0,0,0,0,1,0,1,0,0,0,0,1,0,0,0,0,0,0,0,1,0,1,1,0,0,0,1
76.8,53.8,59,23.5,2.8,1000,257,195,2,2,2,0.257,0.701,51.32,0,0,0,1,0,0,0,0,0,0,0,0,0,0,0,1,0,0,0,0,0,1,0,0,1,0,1,0,0,0,1
84.7,62.0,131,5.1,7.6,1500,1321,399,2,2,1,0.881,0.732,46.4,0,1,0,0,0,0,1,0,0,0,1,0,1,0,0,0,0,0,0,0,0,0,0,1,0,0,0,0,1,0,1
100.6,95.4,16,6.6,13.1,800,558,227,0,3,2,0.698,0.948,16.1,1,1,0,0,0,1,0,0,0,0,0,1,0,0,0,0,0,0,0,1,0,0,0,0,0,0,0,0,0,1,1
136.6,122.8,44,6.5,6.5,500,218,511,0,1,3,0.436,0.899,68.13,0,1,0,0,0,0,0,0,1,0,1,0,1,0,0,0,0,0,0,0,0,0,1,0,0,0,1,0,0,0,1
107.3,72.1,11,36.7,7.7,500,288,111,2,1,6,0.576,0.672,12.76,1,0,0,0,0,0,1,0,0,0,1,0,0,0,0,0,0,1,0,1,0,0,0,0,1,0,0,0,1,0,1
75.2,57.2,13,6.8,14.2,800,725,351,0,2,2,0.906,0.761,23.09,1,1,0,0,0,0,0,1,0,0,1,0,0,0,1,0,0,0,0,0,0,0,0,0,0,0,1,0,0,0,1
119.2,106.7,8,4.2,27.7,1500,1082,163,0,2,5,0.721,0.895,5.68,1,1,0,0,0,0,0,0,0,0,1,0,0,0,0,1,0,0,1,0,0,0,0,0,0,0,0,0,0,0,1
42.2,33.0,26,6.6,18.4,800,256,114,2,1,0,0.32,0.782,5.88,0,1,0,0,0,0,0,0,1,0,1,0,0,0,0,0,1,0,0,0,1,0,0,0,0,0,1,0,0,0,1
73.2,45.1,94,3.4,3.3,1500,780,146,2,3,4,0.52,0.616,33.95,0,1,1,0,0,0,0,0,0,0,1,0,0,0,0,1,0,0,0,0,0,1,0,0,0,0,0,0,1,0,0
146.2,140.6,58,27.3,9.1,800,184,127,2,1,2,0.23,0.962,12.57,0,0,1,0,0,0,0,0,0,0,1,0,0,0,0,0,1,0,0,0,1,0,0,0,0,1,1,0,0,0,1
96.0,60.3,63,2.8,22.6,1500,1189,88,1,2,0,0.793,0.628,3.73,0,1,0,0,0,0,0,0,1,0,1,0,0,0,0,0,1,0,0,0,0,1,0,0,0,0,0,0,0,1,0
135.5,84.2,35,4.8,10.4,1500,1312,189,2,2,4,0.875,0.621,16.58,0,1,0,0,0,0,0,0,0,0,1,0,0,0,0,1,0,0,0,0,1,0,0,0,0,0,0,0,1,0,1
98.8,93.1,6,5.3,12.5,800,415,271,0,3,1,0.519,0.942,20.07,1,1,0,1,0,0,0,0,0,0,0,0,0,1,0,0,0,0,1,0,0,0,0,0,0,0,1,0,0,0,1
115.0,109.8,4,37.0,38.6,500,275,359,0,2,2,0.55,0.955,9.07,1,0,1,0,0,0,0,0,0,0,1,0,0,0,1,0,0,0,1,0,0,0,0,0,1,0,0,1,0,0,1
86.6,67.8,19,24.1,6.8,1000,414,159,2,2,1,0.414,0.783,20.38,1,0,0,0,0,1,0,0,0,0,0,1,0,0,0,1,0,0,0,1,0,0,0,0,0,1,0,1,0,0,0
46.3,42.9,88,5.3,28.8,500,339,341,2,2,6,0.678,0.927,11.44,0,1,0,0,0,0,0,1,0,0,1,0,0,0,0,0,1,0,0,0,0,0,0,1,0,0,1,0,0,0,1
82.5,50.3,17,24.6,12.3,1500,1311,308,0,2,2,0.874,0.61,23.16,1,0,0,0,0,0,1,0,0,0,1,0,1,0,0,0,0,0,0,0,0,0,0,0,0,1,1,0,0,0,1
141.9,134.4,23,5.1,31.4,500,321,133,2,1,5,0.642,0.947,4.1,1,1,1,0,0,0,0,0,0,0,1,0,0,0,0,0,0,1,0,1,0,0,0,0,0,0,0,0,1,0,0
87.1,62.8,7,4.2,11.0,1000,203,210,2,1,5,0.203,0.721,17.5,1,1,0,0,0,0,0,0,0,0,1,0,0,0,1,0,0,0,1,0,0,0,0,0,0,0,0,0,1,0,0
72.9,47.9,8,22.9,8.8,1000,929,608,0,2,6,0.929,0.657,62.04,1,0,0,0,0,0,1,0,0,0,1,0,0,0,0,0,0,1,1,0,0,0,0,0,0,1,0,0,0,0,1
98.7,89.7,27,23.2,5.7,800,285,629,0,2,3,0.356,0.909,93.88,0,0,0,0,0,0,1,0,0,0,1,0,0,0,0,1,0,0,0,1,0,0,0,0,0,1,0,0,0,1,0
121.7,113.8,86,5.3,20.0,800,298,172,2,2,2,0.372,0.935,8.19,0,1,0,0,0,0,0,0,0,0,1,0,0,0,0,0,1,0,0,0,0,1,0,0,0,0,1,0,0,0,1
51.8,39.1,31,25.6,17.7,800,537,48,1,1,5,0.671,0.755,2.57,0,0,0,0,1,0,0,0,0,1,0,0,0,0,0,0,1,0,0,1,0,0,0,0,0,1,0,0,0,1,0
79.4,70.2,15,27.1,33.1,500,135,203,2,1,1,0.27,0.884,5.95,1,0,0,0,0,0,0,1,0,0,1,0,0,0,0,0,0,0,0,0,0,0,0,0,0,1,0,0,0,1,0
101.7,65.8,12,5.3,16.2,500,431,68,2,2,1,0.862,0.647,3.95,1,1,0,0,0,1,0,0,0,0,0,1,0,0,0,1,0,0,0,0,0,0,0,0,0,0,1,0,0,0,1
77.4,67.0,12,5.1,6.0,800,192,236,2,1,2,0.24,0.866,33.71,1,1,0,1,0,0,0,0,0,0,0,0,1,0,0,0,0,0,0,0,0,0,0,0,0,0,0,0,0,0,1
90.9,62.2,45,5.9,9.4,500,421,199,2,1,3,0.842,0.684,19.13,0,1,0,0,0,0,1,0,0,0,1,0,0,0,0,0,1,0,0,0,1,0,0,0,0,0,0,0,1,0,1
74.6,53.2,18,22.5,22.4,1500,275,147,2,2,5,0.183,0.713,6.28,1,0,0,0,0,0,1,0,0,0,1,0,0,0,0,0,0,1,0,0,0,0,0,0,0,1,0,0,0,0,1
65.6,43.0,5,5.8,14.1,800,672,146,0,1,5,0.84,0.655,9.67,1,1,0,0,0,0,1,0,0,0,1,0,1,0,0,0,0,0,1,0,0,0,0,0,0,0,0,0,0,0,1
94.3,94.3,17,27.6,17.0,500,224,541,2,1,1,0.448,1.0,30.06,1,0,0,0,0,0,1,0,0,0,1,0,1,0,0,0,0,0,0,0,0,0,0,0,1,0,0,0,1,0,0
148.8,99.3,63,3.4,17.2,800,604,276,2,1,2,0.755,0.667,15.16,0,1,0,0,0,0,0,1,0,0,1,0,0,0,0,0,1,0,0,0,1,0,0,0,0,0,0,0,0,0,0
86.94999999999999,86.6,4,38.1,18.0,1000,649,442,0,1,3,0.649,0.996,23.26,1,0,0,0,0,0,0,0,1,0,1,0,0,0,0,1,0,0,1,0,0,0,0,0,1,0,0,0,0,0,1
86.94999999999999,61.3,109,21.7,25.1,800,171,58,1,2,6,0.214,0.705,2.22,0,0,0,0,0,0,0,1,0,0,1,0,0,0,1,0,0,0,0,0,0,1,0,0,0,1,0,0,1,0,1
147.3,121.7,36,27.4,14.9,1500,1148,205,2,2,0,0.765,0.826,12.89,0,0,1,0,0,0,0,0,0,0,1,0,1,0,0,0,0,0,0,0,1,0,0,0,0,1,0,1,0,0,1
115.6,92.1,21,31.1,12.4,500,295,161,0,1,6,0.59,0.797,12.01,1,0,0,0,1,0,0,0,0,1,0,0,1,0,0,0,0,0,0,0,0,0,0,0,1,0,0,1,0,0,1
149.3,139.7,120,24.7,21.3,1500,299,301,2,1,0,0.199,0.936,13.5,0,0,0,0,0,0,0,0,1,0,1,0,0,0,0,1,0,0,0,0,0,0,0,1,0,1,0,1,0,0,1
73.7,60.8,33,31.5,10.3,800,94,232,2,1,0,0.118,0.825,20.53,0,0,0,0,0,0,0,0,1,0,1,0,1,0,0,0,0,0,0,1,0,0,0,0,1,0,0,1,0,0,1
146.7,139.3,33,5.0,9.4,800,748,424,0,2,0,0.935,0.95,40.77,0,1,0,0,0,0,0,1,0,0,1,0,0,0,0,0,1,0,0,0,1,0,0,0,0,0,0,0,1,0,1
107.7,60.1,25,28.1,11.1,1000,316,264,2,1,4,0.316,0.558,21.82,0,0,0,0,0,1,0,0,0,0,0,1,0,0,0,0,0,1,0,1,0,0,0,0,1,0,0,0,0,0,1
105.1,59.1,36,31.9,12.0,1500,1409,263,2,1,2,0.939,0.562,20.23,0,0,1,0,0,0,0,0,0,0,1,0,0,0,0,0,0,0,0,0,1,0,0,0,1,0,0,0,1,0,1
80.8,59.7,8,4.8,20.0,500,254,227,2,1,6,0.508,0.739,10.81,1,1,0,0,0,0,0,0,0,0,1,0,0,0,0,1,0,0,0,0,0,0,0,0,0,0,0,0,1,0,0
117.9,82.4,5,5.2,20.9,500,347,146,0,2,1,0.694,0.699,6.67,1,1,1,0,0,0,0,0,0,0,1,0,0,0,0,0,0,1,1,0,0,0,0,0,0,0,0,1,0,0,1
74.2,66.8,51,20.7,21.3,800,413,263,2,3,4,0.516,0.9,11.79,0,0,0,0,0,1,0,0,0,0,0,1,0,0,0,1,0,0,0,0,1,0,0,0,1,0,0,0,0,1,1
63.6,61.8,17,25.1,14.9,500,440,132,2,1,1,0.88,0.972,8.3,1,0,0,0,1,0,0,0,0,1,0,0,0,0,0,0,0,0,0,0,0,0,0,0,0,1,0,0,0,0,1
145.3,102.6,49,19.5,10.2,500,181,273,2,1,0,0.362,0.706,24.38,0,0,0,0,0,0,0,0,1,0,1,0,0,1,0,0,0,0,0,0,0,0,1,0,0,1,0,0,1,0,1
123.5,82.1,9,4.6,4.2,800,662,194,0,2,4,0.828,0.665,37.31,1,1,0,0,0,0,1,0,0,0,1,0,0,0,0,0,1,0,1,0,0,0,0,0,0,0,0,0,1,0,1
33.0,19.3,29,-0.4,4.5,500,293,307,2,3,6,0.586,0.585,55.82,0,1,1,0,0,0,0,0,0,0,1,0,0,0,0,1,0,0,0,0,0,0,1,0,0,0,0,1,0,0,1
91.7,73.7,3,34.5,25.1,1000,571,353,0,3,0,0.571,0.804,13.52,1,0,0,0,0,0,0,0,0,0,1,0,0,0,0,0,0,0,1,0,0,0,0,0,1,0,0,0,0,1,1
121.0,110.4,24,2.4,12.7,1000,666,202,0,1,5,0.666,0.912,14.74,0,1,0,0,0,0,0,0,0,0,1,0,0,0,0,0,0,1,0,1,0,0,0,0,0,0,1,0,0,0,1
74.9,53.8,13,26.8,20.5,1500,1154,511,2,3,5,0.769,0.718,23.77,1,0,0,0,0,0,0,1,0,0,1,0,1,0,0,0,0,0,0,0,0,0,0,0,0,1,0,1,0,0,1
98.4,61.3,153,28.0,10.2,1500,326,298,2,3,5,0.217,0.623,26.61,0,0,1,0,0,0,0,0,0,0,1,0,0,0,0,1,0,0,0,0,0,0,0,1,0,1,0,0,1,0,1
205.0,192.1,4,26.5,12.2,1000,143,58,0,1,2,0.143,0.937,4.39,1,0,0,0,0,0,0,0,1,0,1,0,0,0,0,1,0,0,1,0,0,0,0,0,0,1,0,0,0,0,1
55.1,30.6,8,26.2,31.8,1000,743,245,2,2,4,0.743,0.555,7.47,1,0,0,1,0,0,0,0,0,0,0,0,0,0,1,0,0,0,1,0,0,0,0,0,0,1,0,0,0,1,1
107.1,88.5,67,6.2,18.3,1500,163,395,2,1,0,0.109,0.826,20.47,0,1,0,0,0,0,0,0,0,0,1,0,0,0,1,0,0,0,0,0,0,1,0,0,0,0,0,1,0,0,1
131.1,97.7,23,24.9,10.4,800,662,98,2,1,1,0.828,0.745,8.6,1,0,0,0,0,1,0,0,0,0,0,1,0,0,0,0,0,0,0,0,0,0,0,0,0,1,0,0,0,0,1
93.3,67.0,34,34.1,22.1,500,237,328,2,1,6,0.474,0.718,14.2,0,0,0,0,0,0,1,0,0,0,1,0,0,0,0,1,0,0,0,0,0,1,0,0,1,0,0,1,0,0,0
147.2,84.8,87,25.6,13.7,800,285,159,2,1,5,0.356,0.576,10.82,0,0,0,0,1,0,0,0,0,1,0,0,0,0,0,0,0,1,0,0,0,0,0,1,0,1,0,0,0,0,0
77.8,75.6,36,29.6,3.5,1500,793,115,2,2,4,0.529,0.972,25.56,0,0,0,0,0,0,1,0,0,0,1,0,0,0,0,1,0,0,0,0,0,1,0,0,0,1,0,1,0,0,1
206.4,159.8,29,29.1,8.8,1000,909,373,0,2,2,0.909,0.774,38.06,0,0,0,0,0,1,0,0,0,0,0,1,1,0,0,0,0,0,0,0,1,0,0,0,0,1,1,0,0,0,0
117.7,114.5,20,32.4,8.6,500,214,218,0,2,2,0.428,0.973,22.71,1,0,0,0,0,1,0,0,0,0,0,1,0,0,0,0,1,0,0,0,0,0,0,0,1,0,0,0,0,1,1
150.0,122.5,48,24.6,28.6,1000,733,297,2,3,4,0.733,0.817,10.03,0,0,0,0,0,0,1,0,0,0,1,0,0,0,1,0,0,0,0,0,1,0,0,0,0,1,0,0,0,0,0
125.1,95.5,30,3.7,3.5,1500,531,248,2,3,0,0.354,0.763,55.11,0,1,0,1,0,0,0,0,0,0,0,0,1,0,0,0,0,0,0,0,0,0,1,0,0,0,0,1,0,0,1
90.1,60.7,99,25.3,5.6,1500,286,259,2,3,3,0.191,0.674,39.24,0,0,0,0,1,0,0,0,0,1,0,0,0,0,0,1,0,0,0,0,0,1,0,0,0,1,0,1,0,0,1
68.2,45.7,156,27.7,19.8,1000,376,109,1,3,3,0.376,0.67,5.24,0,0,0,0,0,0,0,1,0,0,1,0,0,0,0,0,1,0,0,0,0,0,0,1,0,1,0,0,0,0,1
157.2,150.7,98,23.2,4.6,500,152,231,2,3,1,0.304,0.959,41.25,0,0,1,0,0,0,0,0,0,0,1,0,0,0,0,0,1,0,0,0,0,0,0,1,0,1,0,0,1,0,1
38.4,22.4,42,5.7,5.9,1500,855,237,2,1,4,0.57,0.583,34.35,0,1,0,1,0,0,0,0,0,0,0,0,1,0,0,0,0,0,0,0,1,0,0,0,0,0,0,0,0,0,1
64.8,64.8,25,4.0,26.1,1500,1091,252,2,1,0,0.727,1.0,9.3,0,1,0,0,0,0,0,0,0,0,1,0,0,0,0,0,1,0,0,1,0,0,0,0,0,0,0,1,0,0,1
132.5,109.4,152,25.0,3.1,1500,588,169,2,1,5,0.392,0.826,41.22,0,0,1,0,0,0,0,0,0,0,1,0,1,0,0,0,0,0,0,0,0,0,0,1,0,1,0,1,0,0,1
99.5,81.9,18,24.7,8.9,800,213,450,0,2,4,0.266,0.823,45.45,1,0,0,0,0,0,0,0,1,0,1,0,0,0,0,0,0,1,0,0,0,0,0,0,0,1,0,0,0,0,1
223.1,134.2,38,3.5,8.1,500,407,191,2,1,3,0.814,0.602,20.99,0,1,0,0,0,0,1,0,0,0,1,0,0,1,0,0,0,0,0,0,0,0,1,0,0,0,1,0,0,0,1
70.5,38.8,7,23.3,12.0,1500,172,132,0,1,0,0.115,0.55,10.15,1,0,0,0,1,0,0,0,0,1,0,0,1,0,0,0,0,0,1,0,0,0,0,0,0,1,0,1,0,0,1
188.9,108.5,89,5.2,24.3,500,296,177,2,1,5,0.592,0.574,7.0,0,1,0,0,0,0,0,0,1,0,1,0,0,0,0,1,0,0,0,0,0,1,0,0,0,0,0,0,0,1,1
54.3,52.2,47,24.9,9.4,1000,595,60,2,2,3,0.595,0.961,5.77,0,0,0,0,1,0,0,0,0,1,0,0,0,0,0,0,1,0,0,0,0,0,1,0,0,1,1,0,0,0,1
95.5,92.5,77,22.7,13.75,1500,868,278,2,1,5,0.579,0.969,18.85,0,0,0,0,0,0,0,0,1,0,1,0,0,0,1,0,0,0,0,0,0,1,0,0,0,1,0,0,1,0,0
65.9,40.9,49,26.5,15.8,1000,309,350,2,3,5,0.309,0.621,20.83,0,0,1,0,0,0,0,0,0,0,1,0,1,0,0,0,0,0,0,0,0,0,1,0,0,1,0,0,0,0,1
58.7,55.2,76,3.0,14.5,800,620,168,2,3,0,0.775,0.94,10.84,0,1,0,1,0,0,0,0,0,0,0,0,0,0,1,0,0,0,0,0,0,1,0,0,0,0,0,0,1,0,0
85.4,47.6,42,27.7,25.8,800,100,139,2,1,2,0.125,0.557,5.19,0,0,0,0,0,0,0,0,1,0,1,0,0,0,0,1,0,0,0,0,1,0,0,0,0,1,0,0,0,0,1
81.3,76.8,57,28.6,22.6,800,118,470,2,1,4,0.148,0.945,19.92,0,0,0,0,0,1,0,0,0,0,0,1,1,0,0,0,0,0,0,0,1,0,0,0,1,0,0,0,0,0,1
59.7,38.2,21,5.3,33.4,500,352,198,2,1,3,0.704,0.64,5.76,1,1,1,0,0,0,0,0,0,0,1,0,0,0,0,0,1,0,0,0,0,0,0,0,0,0,0,0,0,1,1
89.1,58.6,53,24.2,11.9,1000,705,128,2,2,3,0.705,0.658,9.92,0,0,1,0,0,0,0,0,0,0,1,0,0,0,0,0,1,0,0,0,0,0,1,0,0,1,1,0,0,0,1
80.4,61.6,75,4.2,18.5,500,226,192,2,1,6,0.452,0.766,9.85,0,1,1,0,0,0,0,0,0,0,1,0,0,0,0,1,0,0,0,0,0,1,0,0,0,0,0,0,0,0,1
118.9,102.8,41,26.1,11.3,500,414,451,0,1,5,0.828,0.865,36.67,0,0,0,0,0,0,0,1,0,0,1,0,1,0,0,0,0,0,0,0,1,0,0,0,0,1,1,0,0,0,1
96.9,58.8,20,6.6,5.8,1000,308,154,2,3,1,0.308,0.607,22.65,1,1,0,0,0,0,0,1,0,0,1,0,0,0,0,0,0,0,0,1,0,0,0,0,0,0,0,0,0,1,0
82.5,80.0,159,21.0,16.8,1500,1366,109,1,1,1,0.911,0.97,6.12,0,0,0,0,0,0,0,0,0,0,1,0,0,0,0,0,0,1,0,0,0,0,0,1,0,1,0,0,0,0,1
118.1,80.4,9,23.1,9.0,1500,742,234,0,1,2,0.495,0.681,23.4,1,0,0,0,0,1,0,0,0,0,0,1,0,0,0,0,0,0,0,0,0,0,0,0,0,1,1,0,0,0,0
86.94999999999999,66.2,21,26.2,19.6,1000,670,433,2,1,5,0.67,0.761,21.02,1,0,0,0,0,0,0,0,0,0,1,0,1,0,0,0,0,0,0,0,0,0,0,0,0,1,0,0,0,0,1
47.6,32.2,30,5.7,7.4,1500,1115,130,2,2,1,0.743,0.676,15.48,0,1,0,0,0,0,0,1,0,0,1,0,1,0,0,0,0,0,0,1,0,0,0,0,0,0,1,0,0,0,1
79.8,68.8,60,30.6,10.1,800,537,132,2,2,4,0.671,0.862,11.89,0,0,0,0,0,0,0,1,0,0,1,0,1,0,0,0,0,0,0,0,1,0,0,0,1,0,0,1,0,0,1
124.6,96.6,162,24.4,10.8,500,272,471,0,2,2,0.544,0.775,39.92,0,0,1,0,0,0,0,0,0,0,1,0,0,0,0,0,1,0,0,0,0,0,0,1,0,1,0,0,0,0,1
83.3,78.5,5,25.4,17.8,1000,730,329,0,2,6,0.73,0.942,17.5,1,0,0,0,0,1,0,0,0,0,0,1,0,0,0,0,0,1,1,0,0,0,0,0,0,1,0,0,1,0,1
149.8,139.7,24,28.3,17.3,1500,506,220,2,2,3,0.337,0.933,12.02,0,0,0,0,0,0,0,0,1,0,1,0,0,0,0,0,1,0,0,1,0,0,0,0,0,1,0,0,0,1,0
45.2,37.2,59,4.1,4.7,1500,486,473,2,3,2,0.324,0.823,82.98,0,1,0,0,0,0,0,0,0,0,1,0,0,0,0,1,0,0,0,0,1,0,0,0,0,0,0,0,0,0,1
65.9,61.2,31,27.9,8.4,800,646,230,2,1,4,0.808,0.929,24.47,0,0,0,1,0,0,0,0,0,0,0,0,0,0,0,0,0,0,0,0,0,0,1,0,0,1,0,1,0,0,1
79.7,64.5,25,28.0,14.0,1000,403,209,2,2,2,0.403,0.809,13.93,0,0,0,0,0,0,0,1,0,0,1,0,1,0,0,0,0,0,0,1,0,0,0,0,0,1,0,0,0,0,1
134.0,93.6,19,33.4,15.0,500,110,205,2,2,5,0.22,0.699,12.81,1,0,0,0,0,0,0,1,0,0,1,0,1,0,0,0,0,0,0,0,0,0,0,0,1,0,0,0,1,0,1
50.2,31.6,55,5.1,13.75,1000,101,99,2,1,3,0.101,0.629,6.71,0,1,0,0,0,0,1,0,0,0,1,0,1,0,0,0,0,0,0,0,0,0,1,0,0,0,0,0,0,0,1
106.4,101.8,28,29.0,19.1,800,294,324,0,1,0,0.368,0.957,16.12,0,0,0,0,0,0,0,0,0,0,1,0,0,0,0,0,1,0,0,0,0,0,1,0,1,0,0,0,1,0,1
103.2,64.9,7,0.9,9.0,1500,478,185,0,1,6,0.319,0.629,18.5,1,1,0,0,0,0,1,0,0,0,1,0,0,0,1,0,0,0,1,0,0,0,0,0,0,0,0,0,0,1,1
84.3,48.9,7,4.3,16.6,800,270,288,2,2,5,0.338,0.58,16.36,1,1,0,0,0,0,1,0,0,0,1,0,1,0,0,0,0,0,1,0,0,0,0,0,0,0,1,0,0,0,1
61.5,45.3,10,23.5,10.5,1500,623,442,0,2,2,0.415,0.737,38.43,1,0,1,0,0,0,0,0,0,0,1,0,0,0,0,0,1,0,0,0,0,0,0,0,0,1,1,0,0,0,0
132.9,119.2,36,23.0,13.1,1500,860,225,2,1,3,0.573,0.897,15.96,0,0,0,1,0,0,0,0,0,0,0,0,0,1,0,0,0,0,0,0,0,0,1,0,0,1,1,0,0,0,1
45.8,33.4,118,3.6,41.7,800,553,254,2,2,1,0.691,0.729,5.95,0,1,0,0,0,0,0,0,0,0,1,0,0,1,0,0,0,0,0,0,0,0,0,1,0,0,0,1,0,0,1
65.3,39.5,87,30.4,30.7,1000,660,400,2,2,1,0.66,0.605,12.62,0,0,0,0,0,0,1,0,0,0,1,0,1,0,0,0,0,0,0,0,0,1,0,0,0,1,0,1,0,0,0
150.4,84.4,41,29.7,10.4,800,438,186,2,1,3,0.548,0.561,16.32,0,0,0,0,0,0,0,0,0,0,1,0,0,0,0,0,0,0,0,0,0,0,1,0,1,0,0,0,0,1,1
128.8,103.9,62,5.8,23.5,1500,612,107,2,3,2,0.408,0.807,4.37,0,1,0,0,0,1,0,0,0,0,0,1,0,0,1,0,0,0,0,0,0,1,0,0,0,0,0,0,0,0,1
54.9,31.9,18,25.4,14.8,500,265,170,2,1,2,0.53,0.581,10.76,1,0,0,1,0,0,0,0,0,0,0,0,0,0,0,0,0,0,0,0,0,0,0,0,0,1,0,0,0,0,1
51.3,48.7,4,24.5,7.6,1000,437,379,0,3,6,0.437,0.949,44.07,1,0,0,0,1,0,0,0,0,1,0,0,1,0,0,0,0,0,1,0,0,0,0,0,1,0,0,0,1,0,1
47.6,36.3,77,32.4,3.3,1000,375,351,2,1,2,0.375,0.763,81.63,0,0,0,0,1,0,0,0,0,1,0,0,1,0,0,0,0,0,0,0,0,1,0,0,1,0,0,0,0,0,0
60.5,67.0,106,26.6,8.6,1000,916,301,2,2,0,0.916,1.107,31.35,0,0,1,0,0,0,0,0,0,0,1,0,0,0,1,0,0,0,0,0,0,1,0,0,0,1,0,0,0,0,0
56.7,34.9,57,28.7,9.4,500,266,197,2,2,2,0.532,0.616,18.94,0,0,1,0,0,0,0,0,0,0,1,0,0,0,0,1,0,0,0,0,0,1,0,0,1,0,0,0,1,0,0
36.9,25.5,104,4.0,4.0,500,405,186,2,1,5,0.81,0.691,37.2,0,1,0,0,1,0,0,0,0,1,0,0,0,0,0,0,1,0,0,0,0,0,0,1,0,0,0,1,0,0,1
72.6,58.5,30,3.0,28.5,800,185,310,2,1,1,0.231,0.806,10.51,0,1,0,1,0,0,0,0,0,0,0,0,0,0,0,1,0,0,0,0,0,0,1,0,0,0,0,1,0,0,1
17.8,15.6,14,25.5,17.1,1500,915,227,1,2,6,0.61,0.876,12.54,1,0,0,0,0,0,0,1,0,0,1,0,0,0,0,1,0,0,0,0,0,0,0,0,0,1,0,0,0,1,0
93.0,67.0,61,4.8,32.6,500,227,368,2,3,0,0.454,0.72,10.95,0,1,0,0,0,0,0,0,1,0,1,0,0,0,0,0,1,0,0,0,0,1,0,0,0,0,0,0,0,1,1
143.5,67.0,34,27.6,17.0,1500,1413,300,2,2,5,0.942,0.467,16.67,0,0,0,0,1,0,0,0,0,1,0,0,0,0,0,0,0,0,0,0,0,1,0,0,1,0,0,1,0,0,1
163.2,106.9,62,24.8,12.1,800,375,186,2,1,4,0.469,0.655,14.2,0,0,0,1,0,0,0,0,0,0,0,0,0,0,0,1,0,0,0,0,0,1,0,0,0,1,1,0,0,0,0
129.0,118.0,54,24.9,7.4,800,132,353,2,1,6,0.165,0.915,42.02,0,0,0,0,0,0,0,1,0,0,1,0,0,0,1,0,0,0,0,0,0,1,0,0,0,1,0,0,0,0,0
119.5,73.4,13,23.5,14.9,500,305,374,0,3,1,0.61,0.614,23.52,1,0,0,0,1,0,0,0,0,1,0,0,0,1,0,0,0,0,0,0,0,0,0,0,0,1,0,0,0,0,1
81.1,56.4,31,5.3,6.5,800,626,227,2,1,0,0.782,0.695,30.27,0,1,0,0,0,0,0,1,0,0,1,0,1,0,0,0,0,0,0,0,0,0,1,0,0,0,1,0,0,0,1
98.0,84.5,94,23.3,15.4,800,509,165,2,2,6,0.636,0.862,10.06,0,0,0,1,0,0,0,0,0,0,0,0,0,0,1,0,0,0,0,0,0,1,0,0,0,1,0,0,0,1,0
80.6,69.3,49,26.7,12.8,1000,815,275,2,2,4,0.815,0.86,19.93,0,0,0,0,0,0,0,0,0,0,1,0,0,0,0,1,0,0,0,0,0,0,1,0,0,1,0,1,0,0,1
79.8,53.9,20,5.8,18.8,1000,530,317,2,3,1,0.53,0.675,16.01,1,1,1,0,0,0,0,0,0,0,1,0,0,1,0,0,0,0,0,1,0,0,0,0,0,0,0,0,0,1,1
59.5,40.6,20,21.8,36.4,500,406,247,2,1,0,0.812,0.682,6.6,1,0,0,0,1,0,0,0,0,1,0,0,0,0,0,0,1,0,0,0,0,0,0,0,0,1,1,0,0,0,1
81.5,67.2,88,27.8,18.1,1000,944,295,1,3,6,0.944,0.825,15.45,0,0,0,0,1,0,0,0,0,1,0,0,0,1,0,0,0,0,0,0,0,0,0,1,1,0,1,0,0,0,0
85.4,85.4,46,5.9,33.1,1000,190,366,2,3,1,0.19,1.0,10.73,0,1,0,1,0,0,0,0,0,0,0,0,0,0,0,0,1,0,0,0,1,0,0,0,0,0,0,1,0,0,1
170.2,156.8,28,4.6,14.4,800,498,47,2,2,2,0.622,0.921,3.05,0,1,0,1,0,0,0,0,0,0,0,0,0,0,1,0,0,0,0,1,0,0,0,0,0,0,0,1,0,0,1
35.1,21.3,127,24.4,5.3,800,618,225,2,1,4,0.772,0.607,35.71,0,0,0,0,1,0,0,0,0,1,0,0,0,0,1,0,0,0,0,0,0,0,0,1,0,1,0,0,0,1,1
63.4,47.5,17,22.1,37.6,1500,784,138,2,1,1,0.523,0.749,3.58,1,0,0,0,0,0,0,0,0,0,1,0,0,0,1,0,0,0,0,0,0,0,0,0,0,1,0,1,0,0,1
97.6,80.6,30,3.4,21.0,800,702,105,2,2,2,0.878,0.826,4.77,0,1,0,0,0,0,0,0,1,0,1,0,0,0,0,0,1,0,0,1,0,0,0,0,0,0,1,0,0,0,1
177.9,108.3,9,6.7,8.7,500,132,253,0,1,6,0.264,0.609,26.08,1,1,0,0,0,0,0,1,0,0,1,0,0,1,0,0,0,0,1,0,0,0,0,0,0,0,0,0,1,0,1
87.7,66.9,21,22.7,14.3,1000,447,661,0,2,0,0.447,0.763,43.2,1,0,0,0,0,0,0,0,0,0,1,0,0,0,0,1,0,0,0,1,0,0,0,0,0,1,0,0,0,1,1
54.8,42.2,7,2.4,21.5,1000,551,227,2,3,2,0.551,0.77,10.09,1,1,0,0,0,0,0,1,0,0,1,0,0,1,0,0,0,0,1,0,0,0,0,0,0,0,0,0,1,0,1
79.8,54.6,29,22.5,10.4,1000,178,122,2,1,6,0.178,0.684,10.7,0,0,0,0,0,0,0,0,0,0,1,0,1,0,0,0,0,0,0,0,0,0,1,0,0,1,0,0,1,0,1
113.1,91.7,59,31.8,5.4,1000,727,254,2,1,5,0.727,0.811,39.69,0,0,0,0,0,1,0,0,0,0,0,1,1,0,0,0,0,0,0,0,0,1,0,0,1,0,0,0,0,0,1
132.0,76.2,32,25.8,15.9,800,552,279,2,1,1,0.69,0.577,16.51,0,0,0,0,0,0,0,1,0,0,1,0,0,0,1,0,0,0,0,0,1,0,0,0,0,1,0,0,0,1,1
86.5,79.7,5,28.0,19.3,800,555,130,2,2,3,0.694,0.921,6.4,1,0,0,0,0,0,0,1,0,0,1,0,1,0,0,0,0,0,0,0,0,0,1,0,0,1,0,0,1,0,1
134.6,106.3,44,0.9,18.4,500,122,112,2,1,6,0.244,0.79,5.77,0,1,1,0,0,0,0,0,0,0,1,0,0,0,0,0,0,0,0,0,0,1,0,0,0,0,0,0,0,1,1
115.9,83.1,26,30.4,35.1,800,341,198,2,1,5,0.426,0.717,5.48,0,0,0,0,0,1,0,0,0,0,0,1,0,0,0,0,0,0,0,1,0,0,0,0,0,1,0,1,0,0,1
174.6,129.1,113,24.9,27.0,1000,933,240,2,1,1,0.933,0.739,8.57,0,0,0,1,0,0,0,0,0,0,0,0,0,0,0,1,0,0,0,0,0,0,0,1,0,1,0,1,0,0,0
93.8,82.4,17,3.6,6.3,1500,1321,79,2,3,3,0.881,0.878,10.82,1,1,0,0,0,0,0,0,1,0,1,0,0,1,0,0,0,0,0,0,0,0,0,0,0,0,0,1,0,0,1
82.2,68.4,70,22.7,15.5,500,319,182,2,2,6,0.638,0.832,11.03,0,0,0,0,0,1,0,0,0,0,0,1,0,0,0,0,1,0,0,0,0,0,1,0,1,0,0,0,1,0,1
86.3,74.7,7,3.6,13.75,500,471,351,0,2,4,0.942,0.866,23.8,1,1,0,0,0,0,1,0,0,0,1,0,0,0,0,1,0,0,1,0,0,0,0,0,0,0,0,0,1,0,1
128.4,82.7,161,21.7,8.1,800,402,327,0,2,6,0.502,0.644,35.93,0,0,1,0,0,0,0,0,0,0,1,0,0,1,0,0,0,0,0,0,0,0,0,1,0,1,0,0,0,1,1
81.4,74.4,40,3.8,23.5,1000,593,92,1,2,4,0.593,0.914,3.76,0,1,0,0,0,1,0,0,0,0,0,1,0,1,0,0,0,0,0,1,0,0,0,0,0,0,0,1,0,0,0
93.4,60.7,24,23.4,24.1,500,410,281,2,2,3,0.82,0.65,11.2,0,0,0,0,0,0,0,0,0,0,1,0,0,0,0,1,0,0,0,1,0,0,0,0,0,1,0,0,0,1,1
37.5,28.7,86,6.0,14.4,1500,820,300,2,3,0,0.547,0.765,19.48,0,1,0,0,0,0,0,1,0,0,1,0,0,0,0,0,0,0,0,0,0,1,0,0,0,0,0,0,0,1,1
78.1,74.3,76,29.4,37.6,800,640,272,1,1,5,0.8,0.951,7.05,0,0,0,0,0,0,0,0,0,0,1,0,1,0,0,0,0,0,0,0,0,1,0,0,0,1,0,0,1,0,0
71.5,68.2,15,27.3,10.1,500,460,228,2,1,0,0.92,0.954,20.54,1,0,0,0,0,0,1,0,0,0,1,0,0,0,0,0,1,0,0,0,0,0,0,0,0,1,0,0,0,1,0
85.7,83.8,26,3.1,14.6,1000,743,91,2,2,2,0.743,0.978,5.83,0,1,0,1,0,0,0,0,0,0,0,0,1,0,0,0,0,0,0,1,0,0,0,0,0,0,0,0,0,1,1
109.5,78.9,16,4.9,6.0,1500,945,148,2,2,3,0.63,0.721,21.14,1,1,0,0,0,1,0,0,0,0,0,1,0,0,0,0,0,1,0,1,0,0,0,0,0,0,0,0,1,0,1
109.3,86.3,24,27.8,13.5,1500,1398,128,0,1,5,0.932,0.79,8.83,0,0,1,0,0,0,0,0,0,0,1,0,0,0,1,0,0,0,0,0,1,0,0,0,0,1,0,0,1,0,1
61.4,44.4,108,2.4,11.1,1500,879,74,1,1,0,0.586,0.723,6.12,0,1,0,0,1,0,0,0,0,1,0,0,1,0,0,0,0,0,0,0,0,1,0,0,0,0,0,1,0,0,0
49.9,39.5,22,27.0,11.8,800,364,646,0,1,3,0.455,0.792,50.47,1,0,0,0,0,1,0,0,0,0,0,1,1,0,0,0,0,0,0,0,0,0,0,0,0,1,0,0,0,1,1
85.9,64.0,44,21.5,14.1,500,339,325,2,2,5,0.678,0.745,21.52,0,0,0,0,0,0,0,1,0,0,1,0,0,0,0,1,0,0,0,0,0,0,1,0,0,1,0,0,1,0,1
47.2,44.5,6,3.4,12.1,1000,835,211,2,1,4,0.835,0.943,16.11,1,1,0,0,0,0,1,0,0,0,1,0,0,0,1,0,0,0,0,0,0,1,0,0,0,0,0,1,0,0,0
31.1,20.4,13,30.6,8.5,500,330,255,2,2,5,0.66,0.656,26.84,1,0,0,0,0,0,0,0,0,0,1,0,0,1,0,0,0,0,0,0,0,0,0,0,1,0,0,0,1,0,1
133.8,103.0,27,30.2,24.5,1500,481,283,2,1,0,0.321,0.77,11.1,0,0,0,1,0,0,0,0,0,0,0,0,0,0,1,0,0,0,0,0,0,0,1,0,1,0,0,0,0,0,1
36.6,27.9,12,21.5,6.7,800,561,217,2,1,1,0.701,0.762,28.18,1,0,0,0,0,0,0,0,1,0,1,0,0,0,0,0,1,0,0,0,0,0,0,0,0,1,0,1,0,0,0
77.6,75.5,8,23.9,3.2,1000,276,302,0,2,5,0.276,0.973,71.9,1,0,0,1,0,0,0,0,0,0,0,0,0,1,0,0,0,0,1,0,0,0,0,0,0,1,0,0,1,0,1
123.8,71.0,7,1.9,20.2,800,675,140,2,1,5,0.844,0.574,6.6,1,1,0,1,0,0,0,0,0,0,0,0,1,0,0,0,0,0,1,0,0,0,0,0,0,0,0,1,0,0,1
67.3,42.9,19,26.9,17.6,500,147,206,2,2,2,0.294,0.637,11.08,1,0,1,0,0,0,0,0,0,0,1,0,0,0,0,0,0,0,0,0,0,0,0,0,1,0,0,1,0,0,0
72.6,61.9,91,21.9,15.3,1500,938,93,1,1,3,0.625,0.853,5.71,0,0,0,1,0,0,0,0,0,0,0,0,0,0,0,0,0,1,0,0,0,1,0,0,0,1,0,0,1,0,0
120.8,71.0,39,32.4,6.5,500,392,552,2,2,4,0.784,0.588,73.6,0,0,0,1,0,0,0,0,0,0,0,0,0,0,0,1,0,0,0,0,1,0,0,0,1,0,0,0,0,0,1
44.1,37.6,61,1.3,14.9,1500,985,115,1,2,6,0.657,0.853,7.23,0,1,0,0,0,1,0,0,0,0,0,1,1,0,0,0,0,0,0,0,1,0,0,0,0,0,0,1,0,0,0
71.2,65.5,13,3.8,8.4,500,295,319,2,2,5,0.59,0.92,33.94,1,1,1,0,0,0,0,0,0,0,1,0,0,0,0,0,0,0,1,0,0,0,0,0,0,0,1,0,0,0,0
21.5,15.9,68,31.9,15.1,800,363,491,1,1,5,0.454,0.74,30.5,0,0,1,0,0,0,0,0,0,0,1,0,0,0,0,1,0,0,0,0,1,0,0,0,1,0,0,0,1,0,1
94.5,94.5,62,3.1,8.8,500,403,275,2,2,6,0.806,1.0,28.06,0,1,0,0,0,0,0,1,0,0,1,0,0,0,0,0,1,0,0,0,1,0,0,0,0,0,0,0,0,0,1
137.5,90.3,7,25.0,18.3,800,449,301,0,1,2,0.561,0.657,15.6,1,0,0,0,0,0,0,1,0,0,1,0,0,1,0,0,0,0,1,0,0,0,0,0,0,1,0,1,0,0,1
55.9,34.6,7,4.3,11.0,1000,201,181,0,2,5,0.201,0.619,15.08,1,1,0,0,0,0,1,0,0,0,1,0,1,0,0,0,0,0,1,0,0,0,0,0,0,0,0,0,0,1,1
104.1,72.7,12,28.2,10.3,800,269,217,2,2,2,0.336,0.698,19.2,1,0,0,0,0,0,1,0,0,0,1,0,0,0,0,0,1,0,0,0,0,0,0,0,1,0,0,0,0,1,1
73.4,42.7,8,30.9,19.5,500,389,268,2,1,0,0.778,0.582,13.07,1,0,0,0,1,0,0,0,0,1,0,0,0,0,1,0,0,0,1,0,0,0,0,0,0,1,0,1,0,0,1
117.3,73.5,12,5.5,17.9,500,127,189,2,1,1,0.254,0.627,10.0,1,1,0,0,0,0,0,0,1,0,1,0,0,0,0,0,0,0,0,1,0,0,0,0,0,0,0,1,0,0,1
55.9,51.1,54,23.1,10.2,1500,520,44,2,2,0,0.347,0.914,3.93,0,0,0,0,0,1,0,0,0,0,0,1,0,0,0,0,1,0,0,0,1,0,0,0,0,1,1,0,0,0,1
117.6,80.1,7,25.1,14.9,1000,350,54,2,2,4,0.35,0.681,3.4,1,0,0,1,0,0,0,0,0,0,0,0,0,0,0,0,1,0,1,0,0,0,0,0,0,1,1,0,0,0,0
150.0,109.3,62,3.3,11.4,1000,430,305,2,2,4,0.43,0.729,24.6,0,1,0,0,0,0,0,1,0,0,1,0,0,0,0,0,1,0,0,0,0,1,0,0,0,0,1,0,0,0,0
156.3,116.3,26,23.4,11.6,500,391,39,2,1,5,0.782,0.744,3.1,0,0,0,1,0,0,0,0,0,0,0,0,0,0,0,0,0,0,0,0,0,0,0,0,0,1,1,0,0,0,1
70.0,44.1,29,4.3,18.1,1500,1317,158,2,2,0,0.878,0.63,8.27,0,1,0,0,0,1,0,0,0,0,0,1,0,1,0,0,0,0,0,0,1,0,0,0,0,0,0,0,0,1,1
20.5,11.8,24,25.2,28.6,1500,1257,175,2,1,5,0.838,0.576,5.91,0,0,0,1,0,0,0,0,0,0,0,0,0,0,0,0,1,0,0,1,0,0,0,0,0,1,0,0,0,0,1
158.9,88.2,31,3.9,5.6,1000,541,258,2,2,6,0.541,0.555,39.09,0,1,0,0,0,1,0,0,0,0,0,1,1,0,0,0,0,0,0,0,0,1,0,0,0,0,0,0,0,0,1
105.3,77.7,45,30.4,16.1,800,663,157,2,3,6,0.829,0.738,9.18,0,0,0,0,0,0,0,1,0,0,1,0,1,0,0,0,0,0,0,0,1,0,0,0,0,1,0,0,1,0,1
66.1,50.8,40,3.2,6.4,1000,171,325,2,2,2,0.171,0.769,43.92,0,1,0,0,1,0,0,0,0,1,0,0,0,0,0,0,1,0,0,0,0,0,1,0,0,0,0,1,0,0,1
106.3,67.0,22,24.5,13.7,1500,518,178,2,1,0,0.345,0.63,12.11,1,0,0,0,0,1,0,0,0,0,0,1,0,0,0,0,0,0,0,0,0,0,0,0,0,1,1,0,0,0,0
199.1,143.1,15,30.6,14.4,1500,814,346,0,2,5,0.543,0.719,22.47,1,0,0,0,0,0,0,0,1,0,1,0,0,0,1,0,0,0,0,0,0,0,0,0,1,0,0,0,0,1,1
147.4,81.9,57,26.1,20.9,500,194,28,2,3,2,0.388,0.556,1.28,0,0,0,0,0,0,0,0,1,0,1,0,0,0,0,0,1,0,0,0,1,0,0,0,0,1,0,0,1,0,1
85.6,55.6,75,3.3,7.9,1000,114,472,2,2,3,0.114,0.65,53.03,0,1,0,0,0,0,0,0,1,0,1,0,1,0,0,0,0,0,0,0,0,1,0,0,0,0,0,1,0,0,0
83.3,47.3,31,22.8,12.8,800,702,150,2,2,5,0.878,0.568,10.87,0,0,0,0,0,1,0,0,0,0,0,1,0,0,1,0,0,0,0,0,0,0,1,0,0,1,0,0,0,0,1
79.9,44.5,128,4.7,4.0,500,321,97,2,3,4,0.642,0.557,19.4,0,1,0,0,0,0,0,0,1,0,1,0,0,0,0,0,0,0,0,0,0,0,0,1,0,0,0,0,1,0,1
91.5,88.8,92,23.5,16.8,1500,282,175,2,2,5,0.188,0.97,9.83,0,0,0,0,0,0,1,0,0,0,1,0,1,0,0,0,0,0,0,0,0,1,0,0,1,0,0,0,0,1,1
82.4,67.0,17,3.3,25.2,800,690,157,2,2,3,0.862,0.813,5.99,1,1,0,0,0,0,0,1,0,0,1,0,1,0,0,0,0,0,0,0,0,0,0,0,0,0,1,0,0,0,1
100.4,67.0,29,24.3,22.3,1000,283,335,2,1,3,0.283,0.667,14.38,0,0,0,0,0,0,0,1,0,0,1,0,0,0,0,0,0,0,0,0,0,1,0,0,0,1,0,0,0,1,1
72.6,58.5,152,30.3,10.0,800,550,309,2,2,1,0.688,0.806,28.09,0,0,0,0,0,1,0,0,0,0,0,1,0,0,0,1,0,0,0,0,0,0,0,1,0,1,0,0,0,1,1
93.3,54.3,155,29.2,18.4,1000,489,178,1,2,3,0.489,0.582,9.18,0,0,0,0,0,0,0,0,0,0,1,0,0,0,0,1,0,0,0,0,0,0,0,1,0,1,0,0,0,0,0
90.4,59.3,110,3.6,15.5,1000,847,212,1,2,3,0.847,0.656,12.85,0,1,0,0,0,0,0,0,0,0,1,0,0,1,0,0,0,0,0,0,0,0,0,1,0,0,0,0,0,0,0
139.1,115.6,12,1.9,6.7,1000,706,50,2,2,4,0.706,0.831,6.49,1,1,0,1,0,0,0,0,0,0,0,0,0,0,0,1,0,0,1,0,0,0,0,0,0,0,1,0,0,0,1
82.5,70.0,18,27.3,3.5,1500,1275,271,2,1,0,0.85,0.848,60.22,1,0,1,0,0,0,0,0,0,0,1,0,0,1,0,0,0,0,0,1,0,0,0,0,1,0,0,0,0,0,0
110.4,100.8,104,24.0,6.6,1500,264,134,2,1,1,0.176,0.913,17.63,0,0,0,1,0,0,0,0,0,0,0,0,0,0,1,0,0,0,0,0,0,0,0,1,0,1,1,0,0,0,0
54.3,34.6,23,4.7,15.2,1000,364,291,2,3,1,0.364,0.637,17.96,1,1,0,0,1,0,0,0,0,1,0,0,0,0,0,0,0,1,0,0,0,0,0,0,0,0,0,1,0,0,1
106.1,80.0,42,26.7,35.5,1500,273,133,2,1,2,0.182,0.754,3.64,0,0,1,0,0,0,0,0,0,0,1,0,0,0,0,0,0,1,0,0,0,0,1,0,0,1,0,0,0,0,1
70.3,44.6,53,4.0,13.2,1000,458,169,2,1,3,0.458,0.634,11.9,0,1,0,0,0,0,0,0,1,0,1,0,0,0,0,1,0,0,0,0,0,0,1,0,0,0,1,0,0,0,1
52.1,67.0,31,24.4,7.0,800,268,70,2,3,0,0.335,1.286,8.75,0,0,0,0,0,0,0,1,0,0,1,0,0,0,0,0,0,0,0,0,1,0,0,0,0,1,0,0,1,0,1
84.1,63.7,99,25.6,13.9,1000,846,299,2,2,5,0.846,0.757,20.07,0,0,0,0,0,0,0,0,1,0,1,0,1,0,0,0,0,0,0,0,0,0,0,1,0,1,0,0,0,1,1
85.3,67.0,22,5.8,10.3,800,93,182,0,2,0,0.116,0.785,16.11,1,1,0,0,0,0,0,1,0,0,1,0,0,0,0,1,0,0,0,0,0,0,1,0,0,0,0,0,0,1,1
60.1,38.6,18,26.6,25.7,1500,1073,374,2,1,2,0.715,0.642,14.01,1,0,1,0,0,0,0,0,0,0,1,0,0,0,1,0,0,0,0,0,0,0,0,0,0,1,0,0,1,0,1
72.0,58.4,160,27.8,13.8,500,153,280,2,1,0,0.306,0.811,18.92,0,0,0,0,1,0,0,0,0,1,0,0,0,1,0,0,0,0,0,0,0,0,0,1,0,1,1,0,0,0,1
102.0,69.0,25,26.5,16.1,1000,519,187,2,3,4,0.519,0.676,10.94,0,0,0,0,0,0,0,0,1,0,1,0,1,0,0,0,0,0,0,0,0,0,0,0,1,0,0,0,0,0,1
101.2,83.3,20,32.5,10.8,1000,745,288,0,2,3,0.745,0.823,24.41,1,0,0,0,0,0,0,0,0,0,1,0,0,1,0,0,0,0,0,0,0,0,0,0,1,0,0,0,0,1,1
69.0,51.8,20,18.9,21.3,800,345,126,2,1,5,0.431,0.751,5.65,1,0,0,1,0,0,0,0,0,0,0,0,1,0,0,0,0,0,0,0,0,0,0,0,0,1,0,1,0,0,0
93.6,90.0,71,3.4,14.5,1500,1407,527,2,1,4,0.938,0.962,34.0,0,1,0,0,0,1,0,0,0,0,0,1,0,0,0,0,0,0,0,0,0,1,0,0,0,0,0,0,0,1,0
105.2,82.6,10,3.8,25.8,500,217,145,2,1,5,0.434,0.785,5.41,1,1,1,0,0,0,0,0,0,0,1,0,0,0,0,1,0,0,1,0,0,0,0,0,0,0,0,0,0,0,0
95.3,80.1,24,21.5,38.8,1000,397,326,0,2,1,0.397,0.841,8.19,0,0,0,0,0,1,0,0,0,0,0,1,0,0,0,0,0,1,0,1,0,0,0,0,0,1,0,0,0,1,1
102.4,80.3,7,30.7,19.0,1000,846,489,0,3,0,0.846,0.784,24.45,1,0,0,0,1,0,0,0,0,1,0,0,0,0,0,0,1,0,1,0,0,0,0,0,1,0,0,0,1,0,1
105.9,88.1,63,26.8,11.5,1000,177,252,2,2,3,0.177,0.832,20.16,0,0,0,0,0,1,0,0,0,0,0,1,0,0,0,0,0,1,0,0,1,0,0,0,1,0,0,0,0,1,1
226.3,189.5,16,23.9,21.6,800,174,343,0,2,1,0.218,0.837,15.18,1,0,0,0,0,0,0,1,0,0,1,0,0,0,0,0,1,0,0,1,0,0,0,0,0,1,0,0,0,1,1
116.5,105.3,82,4.1,8.2,1500,257,170,2,2,2,0.171,0.904,18.48,0,1,0,0,0,0,1,0,0,0,1,0,0,0,0,0,0,1,0,0,0,1,0,0,0,0,0,0,0,1,1
70.1,42.9,5,6.0,13.75,1000,227,292,2,1,2,0.227,0.612,19.8,1,1,0,0,0,1,0,0,0,0,0,1,0,0,0,0,0,0,1,0,0,0,0,0,0,0,0,0,1,0,0
72.2,68.4,7,22.1,3.4,500,257,52,2,2,3,0.514,0.947,11.82,1,0,0,0,0,0,0,1,0,0,1,0,0,0,1,0,0,0,1,0,0,0,0,0,0,1,0,0,1,0,0
149.8,109.8,24,4.4,20.3,1000,521,114,2,2,2,0.521,0.733,5.35,0,1,0,0,0,0,1,0,0,0,1,0,0,0,0,0,1,0,0,1,0,0,0,0,0,0,0,0,0,0,0
105.0,90.6,136,21.6,12.1,800,254,353,0,1,3,0.318,0.863,26.95,0,0,0,0,0,1,0,0,0,0,0,1,1,0,0,0,0,0,0,0,0,0,0,1,0,1,1,0,0,0,1
137.9,137.9,8,24.9,20.4,500,420,71,2,1,5,0.84,1.0,3.32,1,0,0,1,0,0,0,0,0,0,0,0,1,0,0,0,0,0,1,0,0,0,0,0,0,1,1,0,0,0,1
59.2,43.0,36,25.3,13.5,1000,873,309,2,3,0,0.873,0.726,21.31,0,0,0,0,1,0,0,0,0,1,0,0,0,0,0,1,0,0,0,1,0,0,0,0,0,1,1,0,0,0,0
50.4,49.0,24,22.0,17.6,1500,1380,400,2,2,5,0.92,0.972,21.51,0,0,0,0,0,0,0,0,1,0,1,0,0,0,0,0,0,0,0,0,0,0,0,0,1,0,0,0,1,0,1
136.9,78.5,56,24.9,18.9,800,588,128,2,2,0,0.735,0.573,6.43,0,0,1,0,0,0,0,0,0,0,1,0,1,0,0,0,0,0,0,0,1,0,0,0,0,1,1,0,0,0,1
185.4,181.5,9,32.9,18.5,800,508,159,0,3,1,0.635,0.979,8.15,1,0,0,0,0,0,0,0,1,0,1,0,1,0,0,0,0,0,1,0,0,0,0,0,1,0,0,0,1,0,1
49.6,29.6,154,33.3,7.4,1500,933,120,1,1,3,0.622,0.597,14.29,0,0,0,0,1,0,0,0,0,1,0,0,0,0,0,1,0,0,0,0,0,0,0,1,1,0,0,1,0,0,1
109.3,77.8,55,23.1,15.0,500,248,302,2,1,1,0.496,0.712,18.88,0,0,1,0,0,0,0,0,0,0,1,0,0,1,0,0,0,0,0,0,0,1,0,0,0,1,0,1,0,0,0
113.5,70.5,10,26.3,16.8,800,485,402,0,2,2,0.606,0.621,22.58,1,0,0,0,0,0,1,0,0,0,1,0,0,0,0,0,0,0,0,0,0,0,1,0,0,1,0,1,0,0,1
125.7,72.1,29,22.6,8.0,1000,156,175,2,1,6,0.156,0.574,19.44,0,0,1,0,0,0,0,0,0,0,1,0,0,1,0,0,0,0,0,1,0,0,0,0,0,1,0,0,1,0,1
55.2,50.0,39,2.8,0.9,1500,1140,227,2,3,3,0.76,0.906,119.47,0,1,1,0,0,0,0,0,0,0,1,0,0,1,0,0,0,0,0,0,0,0,1,0,0,0,0,0,0,1,0
136.9,97.6,19,3.3,11.2,800,595,324,0,2,4,0.744,0.713,26.56,1,1,1,0,0,0,0,0,0,0,1,0,0,0,0,0,1,0,0,0,0,0,0,0,0,0,0,0,1,0,1
81.6,45.1,28,24.6,11.3,500,91,136,2,1,1,0.182,0.553,11.06,0,0,0,0,0,0,0,0,1,0,1,0,1,0,0,0,0,0,0,0,0,0,1,0,0,1,0,1,0,0,1
51.9,28.7,14,4.3,10.7,800,730,246,2,3,6,0.912,0.553,21.03,1,1,0,0,1,0,0,0,0,1,0,0,0,1,0,0,0,0,0,0,0,0,0,0,0,0,1,0,0,0,1
86.0,55.1,138,24.1,12.6,1000,761,205,2,2,4,0.761,0.641,15.07,0,0,0,0,0,0,0,0,1,0,1,0,1,0,0,0,0,0,0,0,0,0,0,1,0,1,0,0,0,0,1
51.3,36.2,39,25.9,12.8,1500,921,346,2,1,1,0.614,0.706,25.07,0,0,0,0,0,0,0,1,0,0,1,0,0,0,0,1,0,0,0,0,0,0,1,0,0,1,0,0,0,1,1
36.1,35.4,14,28.8,60.9,1000,750,149,2,1,4,0.75,0.981,2.41,1,0,0,0,0,0,1,0,0,0,1,0,0,0,0,1,0,0,0,0,0,0,0,0,0,1,0,0,1,0,1
76.0,42.2,38,3.9,31.9,500,123,189,1,1,6,0.246,0.555,5.74,0,1,0,0,0,0,1,0,0,0,1,0,0,0,0,0,1,0,0,0,0,0,1,0,0,0,0,0,1,0,0
68.7,54.3,26,22.0,34.6,800,193,312,2,1,5,0.241,0.79,8.76,0,0,0,0,0,1,0,0,0,0,0,1,0,0,0,0,1,0,0,0,0,0,1,0,0,1,1,0,0,0,1
165.8,67.0,44,27.3,11.0,800,632,287,2,1,5,0.79,0.404,23.92,0,0,0,0,0,0,0,0,0,0,1,0,1,0,0,0,0,0,0,0,0,0,0,1,0,1,1,0,0,0,1
145.2,136.4,29,2.9,13.9,1500,1393,292,2,1,1,0.929,0.939,19.6,0,1,0,0,1,0,0,0,0,1,0,0,0,0,0,0,0,0,0,0,0,0,1,0,0,0,0,0,0,1,0
130.8,95.5,31,21.0,8.0,1000,647,214,0,1,1,0.647,0.73,23.78,0,0,1,0,0,0,0,0,0,0,1,0,1,0,0,0,0,0,0,0,0,0,1,0,0,1,0,0,0,1,1
60.2,44.4,31,28.9,13.0,500,157,180,2,1,0,0.314,0.738,12.86,0,0,0,0,0,0,0,0,1,0,1,0,0,0,1,0,0,0,0,0,0,0,0,0,1,0,0,0,1,0,1
58.6,52.6,12,5.9,4.2,1000,569,96,2,2,5,0.569,0.898,18.46,1,1,0,0,0,0,0,0,1,0,1,0,1,0,0,0,0,0,0,0,0,0,0,0,0,0,0,0,0,0,0
95.6,64.6,10,3.7,3.2,500,414,109,2,2,1,0.828,0.676,25.95,1,1,0,0,0,0,0,0,1,0,1,0,0,0,0,0,1,0,1,0,0,0,0,0,0,0,0,0,1,0,1
116.3,74.0,21,26.7,10.5,1000,436,270,2,2,0,0.436,0.636,23.48,1,0,1,0,0,0,0,0,0,0,1,0,0,1,0,0,0,0,0,0,0,0,0,0,0,1,0,0,0,1,0
144.0,82.3,3,32.1,18.7,1500,417,368,0,1,0,0.278,0.572,18.68,1,0,0,0,1,0,0,0,0,1,0,0,1,0,0,0,0,0,1,0,0,0,0,0,1,0,0,0,0,0,0
113.8,67.1,7,28.2,26.2,1500,437,183,2,2,3,0.291,0.59,6.73,1,0,0,0,0,1,0,0,0,0,0,1,0,1,0,0,0,0,0,0,0,0,0,0,1,0,0,0,0,1,1
135.1,80.9,7,26.5,6.5,1000,459,188,0,1,4,0.459,0.599,25.07,1,0,0,1,0,0,0,0,0,0,0,0,0,0,1,0,0,0,1,0,0,0,0,0,0,1,0,1,0,0,1
31.3,23.3,4,26.5,22.7,1000,631,173,2,3,4,0.631,0.744,7.3,1,0,1,0,0,0,0,0,0,0,1,0,0,0,0,0,0,1,1,0,0,0,0,0,0,1,0,0,1,0,1
55.3,40.8,140,30.2,7.5,800,233,188,2,3,3,0.291,0.738,22.12,0,0,0,0,0,0,0,0,0,0,1,0,1,0,0,0,0,0,0,0,0,0,0,1,1,0,1,0,0,0,1
58.6,34.8,9,5.9,3.9,1500,1224,388,0,1,3,0.816,0.594,79.18,1,1,1,0,0,0,0,0,0,0,1,0,1,0,0,0,0,0,0,0,0,0,1,0,0,0,0,1,0,0,1
65.4,58.4,31,28.1,22.4,1500,1209,109,1,1,2,0.806,0.893,4.66,0,0,0,0,0,1,0,0,0,0,0,1,0,0,0,0,1,0,0,0,0,1,0,0,1,0,0,1,0,0,1
57.1,41.9,153,3.3,11.4,1500,784,382,2,2,5,0.523,0.734,30.81,0,1,1,0,0,0,0,0,0,0,1,0,0,0,0,0,1,0,0,0,0,0,0,1,0,0,1,0,0,0,1
72.2,66.3,127,3.2,23.9,1000,748,443,2,1,1,0.748,0.918,17.79,0,1,0,0,0,1,0,0,0,0,0,1,0,0,0,1,0,0,0,0,0,0,0,1,0,0,0,0,0,1,1
125.2,93.0,8,27.7,10.1,1000,891,318,0,3,3,0.891,0.743,28.65,1,0,0,0,0,0,0,0,0,0,1,0,0,0,0,1,0,0,0,0,0,0,0,0,0,1,1,0,0,0,1
122.8,112.0,96,25.0,6.0,800,346,485,0,1,3,0.432,0.912,69.29,0,0,0,1,0,0,0,0,0,0,0,0,1,0,0,0,0,0,0,0,0,1,0,0,0,1,0,1,0,0,1
143.4,124.4,15,4.6,19.9,500,216,289,2,1,2,0.432,0.868,13.83,1,1,0,0,0,0,0,1,0,0,1,0,0,0,0,0,1,0,0,1,0,0,0,0,0,0,1,0,0,0,1
140.1,122.5,7,24.0,21.3,500,296,171,0,2,1,0.592,0.874,7.67,1,0,0,0,0,0,0,0,1,0,1,0,0,0,0,1,0,0,1,0,0,0,0,0,0,1,0,0,1,0,1
161.1,126.6,141,22.4,17.2,1500,747,276,2,1,2,0.498,0.786,15.16,0,0,0,0,0,0,0,0,1,0,1,0,1,0,0,0,0,0,0,0,0,0,0,1,0,1,0,1,0,0,0
139.2,114.0,41,5.4,9.3,1000,826,208,2,2,3,0.826,0.819,20.19,0,1,0,0,1,0,0,0,0,1,0,0,0,0,0,0,1,0,0,0,0,0,1,0,0,0,1,0,0,0,1
104.3,59.7,14,22.0,18.5,1500,277,127,2,1,6,0.185,0.572,6.51,1,0,0,0,0,0,0,0,0,0,1,0,0,0,0,1,0,0,0,0,0,0,0,0,0,1,0,0,0,1,0
127.7,89.5,7,21.9,8.8,1500,878,77,2,2,3,0.585,0.701,7.86,1,0,0,0,0,0,0,0,0,0,1,0,0,0,1,0,0,0,1,0,0,0,0,0,0,1,1,0,0,0,0
121.2,95.7,66,5.6,22.5,1500,340,123,2,2,4,0.227,0.79,5.23,0,1,0,0,1,0,0,0,0,1,0,0,0,0,0,0,0,0,0,0,0,1,0,0,0,0,0,1,0,0,0
66.1,63.5,31,4.6,21.7,800,142,118,1,1,0,0.178,0.961,5.2,0,1,1,0,0,0,0,0,0,0,1,0,1,0,0,0,0,0,0,0,1,0,0,0,0,0,0,0,1,0,1
66.0,46.0,8,20.7,21.9,1000,328,342,0,1,4,0.328,0.697,14.93,1,0,0,0,0,0,1,0,0,0,1,0,0,1,0,0,0,0,1,0,0,0,0,0,0,1,0,0,0,1,1
66.7,49.8,114,5.5,10.1,1500,304,176,2,1,6,0.203,0.747,15.86,0,1,0,0,0,0,0,0,0,0,1,0,1,0,0,0,0,0,0,0,0,1,0,0,0,0,0,0,0,1,1
111.3,93.2,45,4.3,14.4,500,304,392,0,3,4,0.608,0.837,25.45,0,1,0,0,0,0,0,0,1,0,1,0,0,0,0,1,0,0,0,0,0,0,1,0,0,0,0,0,1,0,1
