Year,Month,Locality,Households Served,Individuals Served,Pounds of Food Distributed,Children Served via non-federal child nutrition programs,Pounds of food distributed via non-federal child nutrition prog.,is_program_only_record,child_data_missing,pounds_per_household,pounds_per_individual,child_pound_share,is_covid_era,month_num,redistribution_priority
2020,SEP,PITTSYLVANIA,0,0,0.0,0,0.0,True,False,0.0,0.0,0.0,1,9,Medium
2019,APR,ALBEMARLE,2866,6403,177361.6,115,1929.7,False,False,61.88,27.7,0.011,0,4,Medium
2019,APR,AMHERST,1041,2466,120660.1,524,0.0,False,False,115.91,48.93,0.0,0,4,Low
2019,APR,APPOMATTOX,827,1204,30915.2,87,0.0,False,True,37.38,25.68,0.0,0,4,Medium
2019,APR,AUGUSTA,2880,7272,310195.1,71,1998.0,False,False,107.71,42.66,0.006,0,4,Low
2019,APR,BATH,259,485,16254.5,87,0.0,False,True,62.76,33.51,0.0,0,4,Low
2019,APR,BEDFORD COUNTY,430,932,15696.0,87,0.0,False,True,36.5,16.84,0.0,0,4,Medium
2019,APR,BUCKINGHAM,957,1861,36084.1,87,0.0,False,True,37.71,19.39,0.0,0,4,High
2019,APR,BUENA VISTA,917,1763,24928.6,87,0.0,False,True,27.18,14.14,0.0,0,4,Medium
2019,APR,CAMPBELL,810,1458,73045.2,87,5802.0,False,True,90.18,50.1,0.079,0,4,Low
2019,APR,CHARLOTTESVILLE,1450,3069,45249.0,0,0.0,False,False,31.21,14.74,0.0,0,4,High
2019,APR,CLARKE COUNTY,207,387,13060.4,87,0.0,False,True,63.09,33.75,0.0,0,4,Low
2019,APR,CULPEPER,387,927,34044.4,87,0.0,False,True,87.97,36.73,0.0,0,4,Low
2019,APR,FAUQUIER,772,1635,67229.4,87,0.0,False,True,87.08,41.12,0.0,0,4,Low
2019,APR,FLUVANNA,510,1135,26466.3,99,2552.0,False,False,51.89,23.32,0.096,0,4,Medium
2019,APR,FREDERICK,2214,4390,55299.5,87,0.0,False,True,24.98,12.6,0.0,0,4,High
2019,APR,GREENE,440,998,31454.0,77,720.0,False,False,71.49,31.52,0.023,0,4,Medium
2019,APR,HARRISONBURG,2797,7769,160511.4,0,800.0,False,False,57.39,20.66,0.005,0,4,High
2019,APR,HIGHLAND,199,367,14835.8,87,0.0,False,True,74.55,40.42,0.0,0,4,Low
2019,APR,LEXINGTON,678,1362,36057.8,87,0.0,False,True,53.18,26.47,0.0,0,4,Medium
2019,APR,LOUDOUN,2279,8311,178266.7,1124,18366.4,False,False,78.22,21.45,0.103,0,4,High
2019,APR,LYNCHBURG,7427,10605,138029.9,450,23357.3,False,False,18.58,13.02,0.169,0,4,High
2019,APR,MADISON,219,497,22589.6,87,0.0,False,True,103.15,45.45,0.0,0,4,Low
2019,APR,NELSON,598,1132,40104.6,87,0.0,False,True,67.06,35.43,0.0,0,4,Low
2019,APR,ORANGE,539,1367,41727.5,87,0.0,False,True,77.42,30.52,0.0,0,4,Medium
2019,APR,PAGE COUNTY,318,629,43968.0,87,0.0,False,True,138.26,69.9,0.0,0,4,Low
2019,APR,PITTSYLVANIA,0,0,0.0,87,2140.2,True,False,0.0,0.0,0.0,0,4,Medium
2019,APR,RAPPAHANNOCK,271,654,17087.1,87,0.0,False,True,63.05,26.13,0.0,0,4,Medium
2019,APR,ROCKBRIDGE,2647,3090,15194.4,87,0.0,False,True,5.74,4.92,0.0,0,4,High
2019,APR,ROCKINGHAM,1603,2964,95392.5,87,0.0,False,True,59.51,32.18,0.0,0,4,Medium
2019,APR,SHENANDOAH,1482,3863,109754.0,87,0.0,False,True,74.06,28.41,0.0,0,4,Medium
2019,APR,STAUNTON CITY,481,5228,29005.1,87,811.0,False,True,60.3,5.55,0.028,0,4,High
2019,APR,WARREN,716,2189,43495.5,278,205.3,False,False,60.75,19.87,0.005,0,4,High
2019,APR,WAYNESBORO,640,1087,15243.5,87,7807.5,False,True,23.82,14.02,0.512,0,4,Medium
2019,APR,WINCHESTER,2778,7659,139327.1,220,6856.0,False,False,50.15,18.19,0.049,0,4,High
2019,AUG,ALBEMARLE,2486,6370,187384.6,0,0.0,False,False,75.38,29.42,0.0,0,8,Medium
2019,AUG,AMHERST,1169,2338,109323.7,530,3587.5,False,False,93.52,46.76,0.033,0,8,Low
2019,AUG,APPOMATTOX,658,2125,23352.2,87,0.0,False,True,35.49,10.99,0.0,0,8,High
2019,AUG,AUGUSTA,3111,8176,291585.1,36,0.0,False,False,93.73,35.66,0.0,0,8,Low
2019,AUG,BATH,304,536,14809.8,87,0.0,False,True,48.72,27.63,0.0,0,8,Medium
2019,AUG,BEDFORD COUNTY,492,1426,25988.4,87,0.0,False,True,52.82,18.22,0.0,0,8,Medium
2019,AUG,BUCKINGHAM,930,1880,36178.5,87,0.0,False,True,38.9,19.24,0.0,0,8,High
2019,AUG,BUENA VISTA,874,1335,33041.4,87,0.0,False,True,37.8,24.75,0.0,0,8,Medium
2019,AUG,CAMPBELL,1007,2262,90570.1,87,3643.8,False,True,89.94,40.04,0.04,0,8,Low
2019,AUG,CHARLOTTESVILLE,601,7044,41166.0,0,243.5,False,False,68.5,5.84,0.006,0,8,High
2019,AUG,CLARKE COUNTY,168,338,12149.1,0,0.0,False,False,72.32,35.94,0.0,0,8,Low
2019,AUG,CULPEPER,661,1491,33035.4,87,0.0,False,True,49.98,22.16,0.0,0,8,Medium
2019,AUG,FAUQUIER,878,2001,68727.1,87,0.0,False,True,78.28,34.35,0.0,0,8,Low
2019,AUG,FLUVANNA,602,1238,33053.3,0,0.0,False,False,54.91,26.7,0.0,0,8,Medium
2019,AUG,FREDERICK,3267,5281,54522.1,87,0.0,False,True,16.69,10.32,0.0,0,8,High
2019,AUG,GREENE,396,1150,43821.5,0,0.0,False,False,110.66,38.11,0.0,0,8,Low
2019,AUG,HARRISONBURG,2796,7565,150610.2,49,4175.5,False,False,53.87,19.91,0.028,0,8,High
2019,AUG,HIGHLAND,201,371,8876.5,87,0.0,False,True,44.16,23.93,0.0,0,8,Medium
2019,AUG,LEXINGTON,704,1594,42186.7,87,0.0,False,True,59.92,26.47,0.0,0,8,Medium
2019,AUG,LOUDOUN,2692,9043,185850.5,0,8712.5,False,False,69.04,20.55,0.047,0,8,High
2019,AUG,LYNCHBURG,2339,10020,180785.4,2344,14888.9,False,False,77.29,18.04,0.082,0,8,High
2019,AUG,MADISON,286,662,26597.2,87,0.0,False,True,93.0,40.18,0.0,0,8,Low
2019,AUG,NELSON,562,1038,37757.0,87,0.0,False,True,67.18,36.37,0.0,0,8,Low
2019,AUG,ORANGE,603,1566,46913.6,87,0.0,False,True,77.8,29.96,0.0,0,8,Medium
2019,AUG,PAGE COUNTY,278,605,59430.0,87,0.0,False,True,213.78,98.23,0.0,0,8,Low
2019,AUG,PITTSYLVANIA,0,0,0.0,85,1209.2,True,False,0.0,0.0,0.0,0,8,Medium
2019,AUG,RAPPAHANNOCK,245,782,16711.2,87,0.0,False,True,68.21,21.37,0.0,0,8,Medium
2019,AUG,ROCKBRIDGE,1456,1798,8309.4,87,0.0,False,True,5.71,4.62,0.0,0,8,High
2019,AUG,ROCKINGHAM,1688,3205,90367.3,87,0.0,False,True,53.54,28.2,0.0,0,8,Medium
2019,AUG,SHENANDOAH,1200,3137,100233.4,87,0.0,False,True,83.53,31.95,0.0,0,8,Medium
2019,AUG,STAUNTON CITY,434,5773,19582.7,87,918.0,False,True,45.12,3.39,0.047,0,8,High
2019,AUG,WARREN,982,2357,45337.5,300,403.5,False,False,46.17,19.24,0.009,0,8,High
2019,AUG,WAYNESBORO,387,833,18091.8,87,4226.5,False,True,46.75,21.72,0.234,0,8,Medium
2019,AUG,WINCHESTER,3033,8315,174382.9,0,107.0,False,False,57.5,20.97,0.001,0,8,High
2019,DEC,ALBEMARLE,2300,6127,160619.9,94,1336.0,False,False,69.83,26.22,0.008,0,12,Medium
2019,DEC,AMHERST,1084,2738,117014.8,1296,0.0,False,False,107.95,42.74,0.0,0,12,Low
2019,DEC,APPOMATTOX,1481,2238,27993.0,87,0.0,False,True,18.9,12.51,0.0,0,12,High
2019,DEC,AUGUSTA,3381,9137,279124.7,70,958.4,False,False,82.56,30.55,0.003,0,12,Medium
2019,DEC,BATH,249,444,13237.3,87,0.0,False,True,53.16,29.81,0.0,0,12,Medium
2019,DEC,BEDFORD COUNTY,494,2174,22527.6,87,0.0,False,True,45.6,10.36,0.0,0,12,High
2019,DEC,BUCKINGHAM,540,952,24975.9,87,0.0,False,True,46.25,26.24,0.0,0,12,Medium
2019,DEC,BUENA VISTA,692,1446,26314.2,87,0.0,False,True,38.03,18.2,0.0,0,12,Medium
2019,DEC,CAMPBELL,1130,2055,91554.7,87,5205.5,False,True,81.02,44.55,0.057,0,12,Low
2019,DEC,CHARLOTTESVILLE,1133,7164,57111.1,0,0.0,False,False,50.41,7.97,0.0,0,12,High
2019,DEC,CLARKE COUNTY,194,330,7341.4,0,914.6,False,False,37.84,22.25,0.125,0,12,Medium
2019,DEC,CULPEPER,549,1338,37657.7,87,0.0,False,True,68.59,28.14,0.0,0,12,Medium
2019,DEC,FAUQUIER,859,1939,38118.1,87,0.0,False,True,44.37,19.66,0.0,0,12,High
2019,DEC,FLUVANNA,261,560,14542.8,133,1773.0,False,False,55.72,25.97,0.122,0,12,Medium
2019,DEC,FREDERICK,2594,5760,50030.3,87,0.0,False,True,19.29,8.69,0.0,0,12,High
2019,DEC,GREENE,597,1490,46129.7,86,1170.0,False,False,77.27,30.96,0.025,0,12,Medium
2019,DEC,HARRISONBURG,2149,7023,161137.8,430,2886.8,False,False,74.98,22.94,0.018,0,12,Medium
2019,DEC,HIGHLAND,201,370,8464.6,87,0.0,False,True,42.11,22.88,0.0,0,12,Medium
2019,DEC,LEXINGTON,666,1334,32637.5,87,0.0,False,True,49.01,24.47,0.0,0,12,Medium
2019,DEC,LOUDOUN,4170,9191,125867.1,1090,11434.8,False,False,30.18,13.69,0.091,0,12,High
2019,DEC,LYNCHBURG,2242,8578,147826.3,1717,17209.8,False,False,65.94,17.23,0.116,0,12,High
2019,DEC,MADISON,277,647,31242.3,87,0.0,False,True,112.79,48.29,0.0,0,12,Low
2019,DEC,NELSON,602,1189,46143.6,87,0.0,False,True,76.65,38.81,0.0,0,12,Low
2019,DEC,ORANGE,593,1546,49587.1,87,0.0,False,True,83.62,32.07,0.0,0,12,Medium
2019,DEC,PAGE COUNTY,416,806,24047.8,87,0.0,False,True,57.81,29.84,0.0,0,12,Medium
2019,DEC,PITTSYLVANIA,0,0,0.0,78,1858.5,True,False,0.0,0.0,0.0,0,12,Medium
2019,DEC,RAPPAHANNOCK,306,769,22955.2,87,0.0,False,True,75.02,29.85,0.0,0,12,Medium
2019,DEC,ROCKBRIDGE,2422,2817,14814.5,87,0.0,False,True,6.12,5.26,0.0,0,12,High
2019,DEC,ROCKINGHAM,1994,4002,62175.1,87,0.0,False,True,31.18,15.54,0.0,0,12,High
2019,DEC,SHENANDOAH,1269,3358,68084.2,87,0.0,False,True,53.65,20.28,0.0,0,12,High
2019,DEC,STAUNTON CITY,370,5347,20601.3,87,442.0,False,True,55.68,3.85,0.021,0,12,High
2019,DEC,WARREN,624,1804,28625.8,186,352.0,False,False,45.87,15.87,0.012,0,12,High
2019,DEC,WAYNESBORO,799,1348,19178.7,164,7339.2,False,False,24.0,14.23,0.383,0,12,Medium
2019,DEC,WINCHESTER,2532,7374,116568.4,2678,2741.3,False,False,46.04,15.81,0.024,0,12,High
2019,FEB,ALBEMARLE,2206,6475,184176.6,116,1926.0,False,False,83.49,28.44,0.01,0,2,Medium
2019,FEB,AMHERST,960,2249,92875.1,509,360.0,False,False,96.74,41.3,0.004,0,2,Low
2019,FEB,APPOMATTOX,798,1280,31341.3,87,0.0,False,True,39.27,24.49,0.0,0,2,Medium
2019,FEB,AUGUSTA,2371,6500,247776.8,107,1918.0,False,False,104.5,38.12,0.008,0,2,Low
2019,FEB,BATH,85,248,18500.1,87,0.0,False,True,217.65,74.6,0.0,0,2,Low
2019,FEB,BEDFORD COUNTY,300,780,16801.4,87,0.0,False,True,56.0,21.54,0.0,0,2,Medium
2019,FEB,BUCKINGHAM,711,1663,39613.5,87,0.0,False,True,55.72,23.82,0.0,0,2,Medium
2019,FEB,BUENA VISTA,651,1147,25009.7,87,0.0,False,True,38.42,21.8,0.0,0,2,Medium
2019,FEB,CAMPBELL,839,1880,82731.8,229,2245.5,False,False,98.61,44.01,0.027,0,2,Low
2019,FEB,CHARLOTTESVILLE,2880,8829,39276.2,0,0.0,False,False,13.64,4.45,0.0,0,2,High
2019,FEB,CLARKE COUNTY,187,365,17524.6,87,0.0,False,True,93.71,48.01,0.0,0,2,Low
2019,FEB,CULPEPER,515,1816,35681.6,87,0.0,False,True,69.28,19.65,0.0,0,2,High
2019,FEB,FAUQUIER,882,2128,58462.2,87,0.0,False,True,66.28,27.47,0.0,0,2,Medium
2019,FEB,FLUVANNA,314,788,19522.2,101,2992.5,False,False,62.17,24.77,0.153,0,2,Medium
2019,FEB,FREDERICK,2058,4086,55187.9,87,0.0,False,True,26.82,13.51,0.0,0,2,High
2019,FEB,GREENE,296,796,25102.4,53,1227.0,False,False,84.81,31.54,0.049,0,2,Medium
2019,FEB,HARRISONBURG,1793,6207,130142.8,144,502.3,False,False,72.58,20.97,0.004,0,2,High
2019,FEB,HIGHLAND,46,130,1336.4,87,0.0,False,True,29.05,10.28,0.0,0,2,Medium
2019,FEB,LEXINGTON,462,1224,43619.3,87,0.0,False,True,94.41,35.64,0.0,0,2,Low
2019,FEB,LOUDOUN,2139,7941,138984.6,1144,14778.7,False,False,64.98,17.5,0.106,0,2,High
2019,FEB,LYNCHBURG,1807,8411,146494.2,929,22304.9,False,False,81.07,17.42,0.152,0,2,High
2019,FEB,MADISON,240,574,21064.6,87,0.0,False,True,87.77,36.7,0.0,0,2,Low
2019,FEB,NELSON,469,1126,34607.4,87,0.0,False,True,73.79,30.73,0.0,0,2,Medium
2019,FEB,ORANGE,462,1406,34710.2,87,0.0,False,True,75.13,24.69,0.0,0,2,Medium
2019,FEB,PAGE COUNTY,202,630,29889.7,87,0.0,False,True,147.97,47.44,0.0,0,2,Low
2019,FEB,PITTSYLVANIA,0,0,0.0,86,2102.9,True,False,0.0,0.0,0.0,0,2,Medium
2019,FEB,RAPPAHANNOCK,225,682,20010.4,87,0.0,False,True,88.94,29.34,0.0,0,2,Medium
2019,FEB,ROCKBRIDGE,419,2143,20190.2,87,0.0,False,True,48.19,9.42,0.0,0,2,High
2019,FEB,ROCKINGHAM,1023,2654,84064.2,87,0.0,False,True,82.17,31.67,0.0,0,2,Medium
2019,FEB,SHENANDOAH,915,2218,69063.6,87,0.0,False,True,75.48,31.14,0.0,0,2,Medium
2019,FEB,STAUNTON CITY,617,5382,24711.6,87,601.0,False,True,40.05,4.59,0.024,0,2,High
2019,FEB,WARREN,972,2525,33891.1,44,0.0,False,False,34.87,13.42,0.0,0,2,High
2019,FEB,WAYNESBORO,626,1158,17149.2,354,7350.1,False,False,27.39,14.81,0.429,0,2,Medium
2019,FEB,WINCHESTER,3106,8276,105829.1,224,4201.7,False,False,34.07,12.79,0.04,0,2,High
2019,JAN,ALBEMARLE,2391,6992,184373.5,116,2834.0,False,False,77.11,26.37,0.015,0,1,Medium
2019,JAN,AMHERST,587,1790,105231.7,511,5185.0,False,False,179.27,58.79,0.049,0,1,Low
2019,JAN,APPOMATTOX,712,1135,25594.8,87,0.0,False,True,35.95,22.55,0.0,0,1,Medium
2019,JAN,AUGUSTA,2564,6877,322269.6,108,1184.6,False,False,125.69,46.86,0.004,0,1,Low
2019,JAN,BATH,114,292,12831.6,87,0.0,False,True,112.56,43.94,0.0,0,1,Low
2020,OCT,PITTSYLVANIA,0,0,0.0,0,0.0,True,False,0.0,0.0,0.0,1,10,Medium
2019,JAN,BEDFORD COUNTY,326,702,19900.2,87,0.0,False,True,61.04,28.35,0.0,0,1,Medium
2019,JAN,BUCKINGHAM,706,1487,33851.2,87,0.0,False,True,47.95,22.76,0.0,0,1,Medium
2019,JAN,BUENA VISTA,607,1007,26104.9,87,0.0,False,True,43.01,25.92,0.0,0,1,Medium
2019,JAN,CAMPBELL,821,1670,102514.8,130,7094.0,False,False,124.87,61.39,0.069,0,1,Low
2019,JAN,CHARLOTTESVILLE,3184,9776,39766.0,0,0.0,False,False,12.49,4.07,0.0,0,1,High
2019,JAN,CLARKE COUNTY,220,429,16822.2,87,0.0,False,True,76.46,39.21,0.0,0,1,Low
2019,JAN,CULPEPER,551,1887,31300.1,87,0.0,False,True,56.81,16.59,0.0,0,1,High
2019,JAN,FAUQUIER,876,2071,56189.4,87,0.0,False,True,64.14,27.13,0.0,0,1,Medium
2019,JAN,FLUVANNA,440,1051,29638.5,101,4176.5,False,False,67.36,28.2,0.141,0,1,Medium
2019,JAN,FREDERICK,2088,4353,45977.0,87,0.0,False,True,22.02,10.56,0.0,0,1,High
2019,JAN,GREENE,332,866,38189.2,53,979.6,False,False,115.03,44.1,0.026,0,1,Low
2019,JAN,HARRISONBURG,1784,6129,166284.7,42,704.5,False,False,93.21,27.13,0.004,0,1,Medium
2019,JAN,HIGHLAND,51,141,3897.5,87,0.0,False,True,76.42,27.64,0.0,0,1,Medium
2019,JAN,LEXINGTON,583,1329,46193.6,87,0.0,False,True,79.23,34.76,0.0,0,1,Low
2019,JAN,LOUDOUN,2787,10345,160525.3,1190,19313.3,False,False,57.6,15.52,0.12,0,1,High
2019,JAN,LYNCHBURG,5294,9104,138967.2,893,23669.5,False,False,26.25,15.26,0.17,0,1,High
2019,JAN,MADISON,300,663,22473.3,87,0.0,False,True,74.91,33.9,0.0,0,1,Low
2019,JAN,NELSON,461,1078,35154.4,87,0.0,False,True,76.26,32.61,0.0,0,1,Medium
2019,JAN,ORANGE,425,1219,48414.8,87,0.0,False,True,113.92,39.72,0.0,0,1,Low
2019,JAN,PAGE COUNTY,166,536,54332.3,87,0.0,False,True,327.3,101.37,0.0,0,1,Low
2019,JAN,PITTSYLVANIA,0,0,0.0,84,2801.7,True,False,0.0,0.0,0.0,0,1,Medium
2019,JAN,RAPPAHANNOCK,216,602,18464.4,87,0.0,False,True,85.48,30.67,0.0,0,1,Medium
2019,JAN,ROCKBRIDGE,375,2084,20098.6,87,0.0,False,True,53.6,9.64,0.0,0,1,High
2019,JAN,ROCKINGHAM,1172,2723,90159.0,87,0.0,False,True,76.93,33.11,0.0,0,1,Medium
2019,JAN,SHENANDOAH,871,2272,90335.5,87,0.0,False,True,103.71,39.76,0.0,0,1,Low
2019,JAN,STAUNTON CITY,554,6073,27790.0,87,769.0,False,True,50.16,4.58,0.028,0,1,High
2019,JAN,WARREN,444,2177,42793.9,60,558.5,False,False,96.38,19.66,0.013,0,1,High
2019,JAN,WAYNESBORO,651,1322,19598.9,140,7769.6,False,False,30.11,14.83,0.396,0,1,Medium
2019,JAN,WINCHESTER,3168,8676,128595.1,194,5173.2,False,False,40.59,14.82,0.04,0,1,High
2019,JUL,ALBEMARLE,2485,6524,171660.8,0,0.0,False,False,69.08,26.31,0.0,0,7,Medium
2019,JUL,AMHERST,1282,2470,100339.5,87,0.0,False,True,78.27,40.62,0.0,0,7,Low
2019,JUL,APPOMATTOX,1808,2593,21137.0,87,0.0,False,True,11.69,8.15,0.0,0,7,High
2019,JUL,AUGUSTA,3058,7933,301790.8,20,0.0,False,False,98.69,38.04,0.0,0,7,Low
2019,JUL,BATH,236,529,12567.0,87,0.0,False,True,53.25,23.76,0.0,0,7,Medium
2019,JUL,BEDFORD COUNTY,405,839,15978.0,87,0.0,False,True,39.45,19.04,0.0,0,7,Medium
2019,JUL,BUCKINGHAM,902,1710,39475.6,87,0.0,False,True,43.76,23.09,0.0,0,7,Medium
2019,JUL,BUENA VISTA,1047,1890,20915.6,87,0.0,False,True,19.98,11.07,0.0,0,7,High
2019,JUL,CAMPBELL,862,1881,76184.4,0,720.0,False,False,88.38,40.5,0.009,0,7,Low
2019,JUL,CHARLOTTESVILLE,656,7529,45411.1,87,895.0,False,True,69.22,6.03,0.02,0,7,High
2019,JUL,CLARKE COUNTY,168,337,9693.4,0,0.0,False,False,57.7,28.76,0.0,0,7,Medium
2019,JUL,CULPEPER,733,1946,36245.3,87,0.0,False,True,49.45,18.63,0.0,0,7,High
2019,JUL,FAUQUIER,828,1491,53069.8,87,0.0,False,True,64.09,35.59,0.0,0,7,Low
2019,JUL,FLUVANNA,438,917,26945.8,0,0.0,False,False,61.52,29.38,0.0,0,7,Medium
2019,JUL,FREDERICK,2812,4738,54926.9,87,0.0,False,True,19.53,11.59,0.0,0,7,High
2019,JUL,GREENE,401,992,36311.2,87,0.0,False,True,90.55,36.6,0.0,0,7,Low
2019,JUL,HARRISONBURG,2775,9217,168550.4,112,6851.5,False,False,60.74,18.29,0.041,0,7,High
2019,JUL,HIGHLAND,186,337,7949.6,87,0.0,False,True,42.74,23.59,0.0,0,7,Medium
2019,JUL,LEXINGTON,739,1578,35147.1,87,0.0,False,True,47.56,22.27,0.0,0,7,Medium
2019,JUL,LOUDOUN,2447,9073,174369.1,1180,3794.0,False,False,71.26,19.22,0.022,0,7,High
2019,JUL,LYNCHBURG,8373,12745,165736.1,0,12591.1,False,False,19.79,13.0,0.076,0,7,High
2019,JUL,MADISON,281,647,20538.4,87,0.0,False,True,73.09,31.74,0.0,0,7,Medium
2019,JUL,NELSON,607,1082,34667.0,87,726.1,False,True,57.11,32.04,0.021,0,7,Medium
2019,JUL,ORANGE,443,1307,42258.2,87,0.0,False,True,95.39,32.33,0.0,0,7,Medium
2019,JUL,PAGE COUNTY,365,808,46036.8,87,0.0,False,True,126.13,56.98,0.0,0,7,Low
2019,JUL,PITTSYLVANIA,0,0,0.0,0,0.0,True,False,0.0,0.0,0.0,0,7,Medium
2019,JUL,RAPPAHANNOCK,270,680,18062.4,87,0.0,False,True,66.9,26.56,0.0,0,7,Medium
2019,JUL,ROCKBRIDGE,2000,2315,16532.2,87,493.0,False,True,8.27,7.14,0.03,0,7,High
2019,JUL,ROCKINGHAM,1825,3572,77028.0,87,0.0,False,True,42.21,21.56,0.0,0,7,High
2019,JUL,SHENANDOAH,1545,4049,81280.9,87,0.0,False,True,52.61,20.07,0.0,0,7,High
2019,JUL,STAUNTON CITY,501,5668,22947.7,87,432.0,False,True,45.8,4.05,0.019,0,7,High
2019,JUL,WARREN,1199,2900,46074.1,0,169.0,False,False,38.43,15.89,0.004,0,7,High
2019,JUL,WAYNESBORO,197,519,12606.0,0,978.0,False,False,63.99,24.29,0.078,0,7,Medium
2019,JUL,WINCHESTER,1665,8679,151019.4,0,1709.0,False,False,90.7,17.4,0.011,0,7,High
2019,JUN,ALBEMARLE,2478,6395,174420.3,0,0.0,False,False,70.39,27.27,0.0,0,6,Medium
2019,JUN,AMHERST,735,2354,94033.6,0,0.0,False,False,127.94,39.95,0.0,0,6,Low
2019,JUN,APPOMATTOX,703,1121,19970.3,87,1619.0,False,True,28.41,17.81,0.081,0,6,Medium
2019,JUN,AUGUSTA,2681,7116,280711.1,486,12985.1,False,False,104.7,39.45,0.046,0,6,Low
2019,JUN,BATH,250,507,14998.3,87,0.0,False,True,59.99,29.58,0.0,0,6,Medium
2019,JUN,BEDFORD COUNTY,311,910,19824.6,87,0.0,False,True,63.74,21.79,0.0,0,6,Medium
2019,JUN,BUCKINGHAM,911,1738,38259.7,87,0.0,False,True,42.0,22.01,0.0,0,6,Medium
2019,JUN,BUENA VISTA,973,1683,28381.2,87,0.0,False,True,29.17,16.86,0.0,0,6,Medium
2019,JUN,CAMPBELL,878,2248,83619.5,0,1048.5,False,False,95.24,37.2,0.013,0,6,Low
2019,JUN,CHARLOTTESVILLE,627,3612,43889.6,87,11952.4,False,True,70.0,12.15,0.272,0,6,High
2019,JUN,CLARKE COUNTY,199,394,15339.5,87,0.0,False,True,77.08,38.93,0.0,0,6,Low
2019,JUN,CULPEPER,332,683,26902.0,87,0.0,False,True,81.03,39.39,0.0,0,6,Low
2019,JUN,FAUQUIER,843,1578,44729.9,87,0.0,False,True,53.06,28.35,0.0,0,6,Medium
2019,JUN,FLUVANNA,516,1058,34807.2,0,0.0,False,False,67.46,32.9,0.0,0,6,Medium
2019,JUN,FREDERICK,2180,4165,49203.2,87,0.0,False,True,22.57,11.81,0.0,0,6,High
2019,JUN,GREENE,363,881,29656.4,87,0.0,False,True,81.7,33.66,0.0,0,6,Low
2019,JUN,HARRISONBURG,2172,7499,124007.3,145,11747.5,False,False,57.09,16.54,0.095,0,6,High
2019,JUN,HIGHLAND,222,417,9017.0,87,0.0,False,True,40.62,21.62,0.0,0,6,Medium
2019,JUN,LEXINGTON,620,1426,31956.0,87,0.0,False,True,51.54,22.41,0.0,0,6,Medium
2019,JUN,LOUDOUN,1988,7245,147677.7,1380,31047.9,False,False,74.28,20.38,0.21,0,6,High
2019,JUN,LYNCHBURG,6281,12239,141193.4,4853,15063.2,False,False,22.48,11.54,0.107,0,6,High
2019,JUN,MADISON,0,0,26792.6,87,0.0,False,True,0.0,0.0,0.0,0,6,Medium
2019,JUN,NELSON,558,995,27198.8,87,75.0,False,True,48.74,27.34,0.003,0,6,Medium
2019,JUN,ORANGE,594,1491,48098.1,87,0.0,False,True,80.97,32.26,0.0,0,6,Medium
2019,JUN,PAGE COUNTY,321,714,38282.5,87,0.0,False,True,119.26,53.62,0.0,0,6,Low
2019,JUN,PITTSYLVANIA,0,0,0.0,0,0.0,True,False,0.0,0.0,0.0,0,6,Medium
2019,JUN,RAPPAHANNOCK,273,653,15396.5,87,0.0,False,True,56.4,23.58,0.0,0,6,Medium
2019,JUN,ROCKBRIDGE,1296,1662,15498.7,87,375.0,False,True,11.96,9.33,0.024,0,6,Medium
2019,JUN,ROCKINGHAM,1235,3337,80512.9,87,0.0,False,True,65.19,24.13,0.0,0,6,Medium
2019,JUN,SHENANDOAH,877,2383,98578.8,87,0.0,False,True,112.4,41.37,0.0,0,6,Low
2019,JUN,STAUNTON CITY,480,5367,22940.3,87,1135.5,False,True,47.79,4.27,0.049,0,6,High
2019,JUN,WARREN,938,2244,39248.1,0,0.0,False,False,41.84,17.49,0.0,0,6,High
2019,JUN,WAYNESBORO,211,601,18473.7,87,3903.0,False,True,87.55,30.74,0.211,0,6,Medium
2019,JUN,WINCHESTER,2372,7428,123381.3,0,6186.0,False,False,52.02,16.61,0.05,0,6,High
2019,MAR,ALBEMARLE,2572,6150,151880.3,115,3012.9,False,False,59.05,24.7,0.02,0,3,Medium
2019,MAR,AMHERST,1098,2058,114235.7,632,10176.0,False,False,104.04,55.51,0.089,0,3,Low
2019,MAR,APPOMATTOX,888,1299,27300.6,87,0.0,False,True,30.74,21.02,0.0,0,3,Medium
2019,MAR,AUGUSTA,2659,6456,293694.8,383,1256.0,False,False,110.45,45.49,0.004,0,3,Low
2019,MAR,BATH,278,545,19272.3,87,0.0,False,True,69.32,35.36,0.0,0,3,Low
2019,MAR,BEDFORD COUNTY,374,770,15751.1,87,0.0,False,True,42.12,20.46,0.0,0,3,Medium
2019,MAR,BUCKINGHAM,944,1663,43928.8,87,0.0,False,True,46.53,26.42,0.0,0,3,Medium
2019,MAR,BUENA VISTA,878,1625,28605.6,87,0.0,False,True,32.58,17.6,0.0,0,3,Medium
2019,MAR,CAMPBELL,852,1646,79658.0,130,5269.7,False,False,93.5,48.39,0.066,0,3,Low
2019,MAR,CHARLOTTESVILLE,3550,9150,38268.4,0,110.0,False,False,10.78,4.18,0.003,0,3,High
2019,MAR,CLARKE COUNTY,231,413,11504.8,87,0.0,False,True,49.8,27.86,0.0,0,3,Medium
2019,MAR,CULPEPER,628,1688,25430.5,87,0.0,False,True,40.49,15.07,0.0,0,3,Medium
2019,MAR,FAUQUIER,980,2008,43276.9,87,0.0,False,True,44.16,21.55,0.0,0,3,High
2019,MAR,FLUVANNA,343,650,29181.5,101,1530.0,False,False,85.08,44.89,0.052,0,3,Low
2019,MAR,FREDERICK,2324,4282,44616.7,87,0.0,False,True,19.2,10.42,0.0,0,3,High
2019,MAR,GREENE,314,793,35787.0,77,1307.5,False,False,113.97,45.13,0.037,0,3,Low
2019,MAR,HARRISONBURG,2043,6915,128426.4,111,0.0,False,False,62.86,18.57,0.0,0,3,High
2019,MAR,HIGHLAND,171,335,11454.0,87,0.0,False,True,66.98,34.19,0.0,0,3,Low
2019,MAR,LEXINGTON,684,1316,26595.0,87,0.0,False,True,38.88,20.21,0.0,0,3,Medium
2019,MAR,LOUDOUN,2481,8631,152879.6,1124,18157.8,False,False,61.62,17.71,0.119,0,3,High
2019,MAR,LYNCHBURG,4688,7559,127409.5,930,15053.2,False,False,27.18,16.86,0.118,0,3,High
2019,MAR,MADISON,241,567,22697.8,87,0.0,False,True,94.18,40.03,0.0,0,3,Low
2019,MAR,NELSON,614,1173,38851.8,87,0.0,False,True,63.28,33.12,0.0,0,3,Medium
2019,MAR,ORANGE,655,1302,48251.0,87,0.0,False,True,73.67,37.06,0.0,0,3,Low
2019,MAR,PAGE COUNTY,329,625,39416.8,87,0.0,False,True,119.81,63.07,0.0,0,3,Low
2019,MAR,PITTSYLVANIA,0,0,0.0,87,2056.0,True,True,0.0,0.0,0.0,0,3,Medium
2019,MAR,RAPPAHANNOCK,287,713,17136.1,87,0.0,False,True,59.71,24.03,0.0,0,3,Medium
2019,MAR,ROCKBRIDGE,286,1778,14126.5,87,0.0,False,True,49.39,7.95,0.0,0,3,High
2019,MAR,ROCKINGHAM,1722,3249,84559.8,87,0.0,False,True,49.11,26.03,0.0,0,3,Medium
2019,MAR,SHENANDOAH,1136,2989,67732.1,87,0.0,False,True,59.62,22.66,0.0,0,3,Medium
2019,MAR,STAUNTON CITY,580,5060,26291.1,87,889.0,False,True,45.33,5.2,0.034,0,3,High
2019,MAR,WARREN,775,2193,41469.9,0,462.0,False,False,53.51,18.91,0.011,0,3,High
2019,MAR,WAYNESBORO,634,1054,15329.2,134,7347.5,False,False,24.18,14.54,0.479,0,3,Medium
2019,MAR,WINCHESTER,4325,9390,109670.6,224,4772.5,False,False,25.36,11.68,0.044,0,3,High
2019,MAY,ALBEMARLE,2417,6457,156918.6,111,2242.0,False,False,64.92,24.3,0.014,0,5,Medium
2019,MAY,AMHERST,1131,2353,125046.9,636,0.0,False,False,110.56,53.14,0.0,0,5,Low
2019,MAY,APPOMATTOX,767,1141,29100.4,87,3347.0,False,True,37.94,25.5,0.115,0,5,Medium
2019,MAY,AUGUSTA,2799,6976,292131.5,71,5529.9,False,False,104.37,41.88,0.019,0,5,Low
2019,MAY,BATH,257,513,14979.4,87,0.0,False,True,58.29,29.2,0.0,0,5,Medium
2019,MAY,BEDFORD COUNTY,394,874,26121.6,87,0.0,False,True,66.3,29.89,0.0,0,5,Medium
2019,MAY,BUCKINGHAM,895,1625,36202.5,87,0.0,False,True,40.45,22.28,0.0,0,5,Medium
2019,MAY,BUENA VISTA,680,1292,28518.5,87,0.0,False,True,41.94,22.07,0.0,0,5,Medium
2019,MAY,CAMPBELL,851,1830,129811.6,87,1051.5,False,True,152.54,70.94,0.008,0,5,Low
2019,MAY,CHARLOTTESVILLE,920,2676,42591.0,0,4539.0,False,False,46.29,15.92,0.107,0,5,High
2019,MAY,CLARKE COUNTY,202,411,17143.1,87,0.0,False,True,84.87,41.71,0.0,0,5,Low
2019,MAY,CULPEPER,478,1274,37736.8,87,0.0,False,True,78.95,29.62,0.0,0,5,Medium
2019,MAY,FAUQUIER,882,2041,58785.2,87,0.0,False,True,66.65,28.8,0.0,0,5,Medium
2019,MAY,FLUVANNA,507,1108,26796.0,96,1079.0,False,False,52.85,24.18,0.04,0,5,Medium
2019,MAY,FREDERICK,2466,4437,49574.1,87,0.0,False,True,20.1,11.17,0.0,0,5,High
2019,MAY,GREENE,395,967,41794.3,76,135.0,False,False,105.81,43.22,0.003,0,5,Low
2019,MAY,HARRISONBURG,2438,8016,149769.0,91,52.0,False,False,61.43,18.68,0.0,0,5,High
2019,MAY,HIGHLAND,194,365,8947.0,87,0.0,False,True,46.12,24.51,0.0,0,5,Medium
2019,MAY,LEXINGTON,658,1359,38508.7,87,0.0,False,True,58.52,28.34,0.0,0,5,Medium
2019,MAY,LOUDOUN,2460,8530,187189.1,1079,21667.1,False,False,76.09,21.94,0.116,0,5,Medium
2019,MAY,LYNCHBURG,2891,6287,180407.4,2468,16352.0,False,False,62.4,28.7,0.091,0,5,Medium
2019,MAY,MADISON,292,525,28137.7,87,0.0,False,True,96.36,53.6,0.0,0,5,Low
2019,MAY,NELSON,385,634,42042.0,87,1299.0,False,True,109.2,66.31,0.031,0,5,Low
2019,MAY,ORANGE,525,1325,53910.7,87,0.0,False,True,102.69,40.69,0.0,0,5,Low
2019,MAY,PAGE COUNTY,362,756,32065.3,87,0.0,False,True,88.58,42.41,0.0,0,5,Low
2019,MAY,PITTSYLVANIA,0,0,0.0,86,763.5,True,False,0.0,0.0,0.0,0,5,Medium
2019,MAY,RAPPAHANNOCK,255,555,21284.2,87,0.0,False,True,83.47,38.35,0.0,0,5,Low
2019,MAY,ROCKBRIDGE,2582,2922,13338.4,87,0.0,False,True,5.17,4.56,0.0,0,5,High
2019,MAY,ROCKINGHAM,1929,3695,94080.3,87,0.0,False,True,48.77,25.46,0.0,0,5,Medium
2019,MAY,SHENANDOAH,852,2312,93195.6,87,0.0,False,True,109.38,40.31,0.0,0,5,Low
2019,MAY,STAUNTON CITY,495,5612,23044.7,87,1008.0,False,True,46.55,4.11,0.044,0,5,High
2019,MAY,WARREN,735,2181,45997.8,270,425.0,False,False,62.58,21.09,0.009,0,5,High
2019,MAY,WAYNESBORO,178,559,10294.0,87,6270.5,False,True,57.83,18.42,0.609,0,5,Medium
2019,MAY,WINCHESTER,3058,7915,161823.4,224,4418.7,False,False,52.92,20.45,0.027,0,5,High
2019,NOV,ALBEMARLE,3193,8245,153363.0,95,2437.0,False,False,48.03,18.6,0.016,0,11,High
2019,NOV,AMHERST,1510,4043,112351.0,2251,6354.0,False,False,74.4,27.79,0.057,0,11,Medium
2019,NOV,APPOMATTOX,1333,2046,25184.0,87,0.0,False,True,18.89,12.31,0.0,0,11,High
2019,NOV,AUGUSTA,3311,8537,297845.0,72,959.4,False,False,89.96,34.89,0.003,0,11,Low
2019,NOV,BATH,279,577,16887.6,87,0.0,False,True,60.53,29.27,0.0,0,11,Medium
2019,NOV,BEDFORD COUNTY,392,650,23742.0,87,0.0,False,True,60.57,36.53,0.0,0,11,Low
2019,NOV,BUCKINGHAM,998,1871,35055.8,87,0.0,False,True,35.13,18.74,0.0,0,11,High
2019,NOV,BUENA VISTA,771,1476,32302.6,87,0.0,False,True,41.9,21.89,0.0,0,11,Medium
2019,NOV,CAMPBELL,1338,3136,87804.3,87,5369.5,False,True,65.62,28.0,0.061,0,11,Medium
2019,NOV,CHARLOTTESVILLE,1184,8989,47194.4,0,0.0,False,False,39.86,5.25,0.0,0,11,High
2019,NOV,CLARKE COUNTY,197,411,5803.9,0,202.0,False,False,29.46,14.12,0.035,0,11,Medium
2019,NOV,CULPEPER,602,1494,32438.8,87,0.0,False,True,53.89,21.71,0.0,0,11,Medium
2019,NOV,FAUQUIER,943,2394,35265.8,87,0.0,False,True,37.4,14.73,0.0,0,11,High
2019,NOV,FLUVANNA,474,953,20265.4,132,3071.0,False,False,42.75,21.26,0.152,0,11,Medium
2019,NOV,FREDERICK,2743,7386,61524.0,87,0.0,False,True,22.43,8.33,0.0,0,11,High
2019,NOV,GREENE,536,1354,44019.6,86,1422.0,False,False,82.13,32.51,0.032,0,11,Medium
2019,NOV,HARRISONBURG,1960,6421,131120.9,243,879.0,False,False,66.9,20.42,0.007,0,11,High
2019,NOV,HIGHLAND,206,384,10963.3,87,0.0,False,True,53.22,28.55,0.0,0,11,Medium
2019,NOV,LEXINGTON,744,1678,58952.5,87,0.0,False,True,79.24,35.13,0.0,0,11,Low
2019,NOV,LOUDOUN,2800,9814,164653.4,1090,12150.5,False,False,58.8,16.78,0.074,0,11,High
2019,NOV,LYNCHBURG,2742,10999,193368.4,3303,25601.9,False,False,70.52,17.58,0.132,0,11,High
2019,NOV,MADISON,332,806,31845.5,87,0.0,False,True,95.92,39.51,0.0,0,11,Low
2019,NOV,NELSON,657,1349,39838.6,87,0.0,False,True,60.64,29.53,0.0,0,11,Medium
2019,NOV,ORANGE,675,1734,38586.7,87,0.0,False,True,57.17,22.25,0.0,0,11,Medium
2019,NOV,PAGE COUNTY,282,485,49068.7,87,0.0,False,True,174.0,101.17,0.0,0,11,Low
2019,NOV,PITTSYLVANIA,0,0,0.0,80,2329.0,True,False,0.0,0.0,0.0,0,11,Medium
2019,NOV,RAPPAHANNOCK,455,1146,22705.1,87,0.0,False,True,49.9,19.81,0.0,0,11,Medium
2019,NOV,ROCKBRIDGE,401,4416,21652.0,87,0.0,False,True,54.0,4.9,0.0,0,11,High
2019,NOV,ROCKINGHAM,1868,3886,85871.4,87,0.0,False,True,45.97,22.1,0.0,0,11,Medium
2019,NOV,SHENANDOAH,1525,4059,97820.2,87,0.0,False,True,64.14,24.1,0.0,0,11,Medium
2019,NOV,STAUNTON CITY,413,5663,28183.9,87,280.0,False,True,68.24,4.98,0.01,0,11,High
2019,NOV,WARREN,811,2428,32589.4,310,79.0,False,False,40.18,13.42,0.002,0,11,High
2019,NOV,WAYNESBORO,407,1498,25006.6,164,5712.2,False,False,61.44,16.69,0.228,0,11,Medium
2019,NOV,WINCHESTER,2636,8348,137816.1,2678,21709.6,False,False,52.28,16.51,0.158,0,11,High
2019,OCT,ALBEMARLE,2370,6315,189254.3,95,2587.0,False,False,79.85,29.97,0.014,0,10,Medium
2019,OCT,AMHERST,691,1809,101807.2,1199,3256.5,False,False,147.33,56.28,0.032,0,10,Low
2019,OCT,APPOMATTOX,909,1258,32786.8,87,0.0,False,True,36.07,26.06,0.0,0,10,Medium
2019,OCT,AUGUSTA,3202,8168,304383.8,72,1227.9,False,False,95.06,37.27,0.004,0,10,Low
2019,OCT,BATH,275,540,13737.0,87,0.0,False,True,49.95,25.44,0.0,0,10,Medium
2019,OCT,BEDFORD COUNTY,290,535,20972.0,87,0.0,False,True,72.32,39.2,0.0,0,10,Low
2019,OCT,BUCKINGHAM,931,1736,42729.6,87,0.0,False,True,45.9,24.61,0.0,0,10,Medium
2019,OCT,BUENA VISTA,989,1856,43296.5,87,0.0,False,True,43.78,23.33,0.0,0,10,Medium
2019,OCT,CAMPBELL,1048,2345,115689.4,87,4785.7,False,True,110.39,49.33,0.041,0,10,Low
2019,OCT,CHARLOTTESVILLE,603,8547,47534.3,0,0.0,False,False,78.83,5.56,0.0,0,10,High
2019,OCT,CLARKE COUNTY,172,324,7319.9,0,0.0,False,False,42.56,22.59,0.0,0,10,Medium
2019,OCT,CULPEPER,819,1903,33057.1,87,0.0,False,True,40.36,17.37,0.0,0,10,High
2019,OCT,FAUQUIER,673,1515,42593.5,87,0.0,False,True,63.29,28.11,0.0,0,10,Medium
2019,OCT,FLUVANNA,437,974,26741.3,127,4576.0,False,False,61.19,27.46,0.171,0,10,Medium
2019,OCT,FREDERICK,2868,5149,56660.4,87,0.0,False,True,19.76,11.0,0.0,0,10,High
2019,OCT,GREENE,246,494,40943.0,76,547.0,False,False,166.43,82.88,0.013,0,10,Low
2019,OCT,HARRISONBURG,2673,9398,163819.8,279,1975.5,False,False,61.29,17.43,0.012,0,10,High
2019,OCT,HIGHLAND,210,424,7407.3,87,0.0,False,True,35.27,17.47,0.0,0,10,Medium
2019,OCT,LEXINGTON,729,1591,75141.1,87,0.0,False,True,103.07,47.23,0.0,0,10,Low
2019,OCT,LOUDOUN,1128,4549,174152.1,1140,27341.9,False,False,154.39,38.28,0.157,0,10,Low
2019,OCT,LYNCHBURG,1220,6570,181732.5,4224,32005.1,False,False,148.96,27.66,0.176,0,10,Medium
2019,OCT,MADISON,225,511,26967.0,87,0.0,False,True,119.85,52.77,0.0,0,10,Low
2019,OCT,NELSON,317,511,36631.7,87,0.0,False,True,115.56,71.69,0.0,0,10,Low
2019,OCT,ORANGE,646,1099,45320.3,87,0.0,False,True,70.16,41.24,0.0,0,10,Low
2019,OCT,PAGE COUNTY,353,741,61635.1,87,0.0,False,True,174.6,83.18,0.0,0,10,Low
2019,OCT,PITTSYLVANIA,0,0,0.0,80,2203.4,True,False,0.0,0.0,0.0,0,10,Medium
2019,OCT,RAPPAHANNOCK,171,445,23347.9,87,0.0,False,True,136.54,52.47,0.0,0,10,Low
2019,OCT,ROCKBRIDGE,5623,7121,14064.6,87,0.0,False,True,2.5,1.98,0.0,0,10,High
2019,OCT,ROCKINGHAM,1840,3672,85130.7,87,0.0,False,True,46.27,23.18,0.0,0,10,Medium
2019,OCT,SHENANDOAH,934,2566,88162.4,87,0.0,False,True,94.39,34.36,0.0,0,10,Low
2019,OCT,STAUNTON CITY,469,5391,25310.7,87,1727.0,False,True,53.97,4.69,0.068,0,10,High
2019,OCT,WARREN,431,1195,40001.7,1194,0.0,False,False,92.81,33.47,0.0,0,10,Low
2019,OCT,WAYNESBORO,249,692,20464.0,164,9510.5,False,False,82.18,29.57,0.465,0,10,Medium
2019,OCT,WINCHESTER,1967,6294,168314.6,2678,16422.1,False,False,85.57,26.74,0.098,0,10,Medium
2019,SEP,ALBEMARLE,2364,5962,187702.4,0,0.0,False,False,79.4,31.48,0.0,0,9,Medium
2019,SEP,AMHERST,902,1982,114348.2,0,1100.0,False,False,126.77,57.69,0.01,0,9,Low
2019,SEP,APPOMATTOX,1435,2046,25941.2,87,0.0,False,True,18.08,12.68,0.0,0,9,High
2019,SEP,AUGUSTA,2923,7569,296273.1,72,1076.5,False,False,101.36,39.14,0.004,0,9,Low
2019,SEP,BATH,238,446,16018.0,87,0.0,False,True,67.3,35.91,0.0,0,9,Low
2019,SEP,BEDFORD COUNTY,440,903,18170.0,87,0.0,False,True,41.3,20.12,0.0,0,9,Medium
2019,SEP,BUCKINGHAM,861,1624,38704.2,87,0.0,False,True,44.95,23.83,0.0,0,9,Medium
2019,SEP,BUENA VISTA,819,1486,25146.8,87,0.0,False,True,30.7,16.92,0.0,0,9,Medium
2019,SEP,CAMPBELL,958,2146,81102.6,142,1893.9,False,False,84.66,37.79,0.023,0,9,Low
2019,SEP,CHARLOTTESVILLE,132,6856,44252.3,973,0.0,False,False,335.24,6.45,0.0,0,9,High
2019,SEP,CLARKE COUNTY,178,354,11229.7,0,0.0,False,False,63.09,31.72,0.0,0,9,Medium
2019,SEP,CULPEPER,593,1619,31640.2,87,0.0,False,True,53.36,19.54,0.0,0,9,Medium
2019,SEP,FAUQUIER,841,1495,58275.4,87,0.0,False,True,69.29,38.98,0.0,0,9,Low
2019,SEP,FLUVANNA,455,858,18892.9,127,5411.5,False,False,41.52,22.02,0.286,0,9,Medium
2019,SEP,FREDERICK,3312,5506,54295.5,87,0.0,False,True,16.39,9.86,0.0,0,9,High
2019,SEP,GREENE,83,186,46097.4,55,0.0,False,False,555.39,247.84,0.0,0,9,Low
2019,SEP,HARRISONBURG,2495,8211,151715.3,156,0.0,False,False,60.81,18.48,0.0,0,9,High
2019,SEP,HIGHLAND,163,312,9734.2,87,0.0,False,True,59.72,31.2,0.0,0,9,Medium
2019,SEP,LEXINGTON,840,1837,36714.8,87,0.0,False,True,43.71,19.99,0.0,0,9,High
2019,SEP,LOUDOUN,3043,10097,199710.3,2983,11309.5,False,False,65.63,19.78,0.057,0,9,High
2019,SEP,LYNCHBURG,2464,8711,157198.1,5648,27279.6,False,False,63.8,18.05,0.174,0,9,High
2019,SEP,MADISON,190,433,25165.8,87,0.0,False,True,132.45,58.12,0.0,0,9,Low
2019,SEP,NELSON,605,1108,35050.7,87,0.0,False,True,57.94,31.63,0.0,0,9,Medium
2019,SEP,ORANGE,276,648,34559.9,87,0.0,False,True,125.22,53.33,0.0,0,9,Low
2019,SEP,PAGE COUNTY,377,713,44349.9,87,0.0,False,True,117.64,62.2,0.0,0,9,Low
2019,SEP,PITTSYLVANIA,0,0,0.0,89,2343.2,True,False,0.0,0.0,0.0,0,9,Medium
2019,SEP,RAPPAHANNOCK,265,679,18014.1,87,0.0,False,True,67.98,26.53,0.0,0,9,Medium
2019,SEP,ROCKBRIDGE,1624,1856,15536.6,87,0.0,False,True,9.57,8.37,0.0,0,9,High
2019,SEP,ROCKINGHAM,1721,3355,86161.9,87,0.0,False,True,50.07,25.68,0.0,0,9,Medium
2019,SEP,SHENANDOAH,1407,3879,72822.4,87,0.0,False,True,51.76,18.77,0.0,0,9,High
2019,SEP,STAUNTON CITY,434,5364,20354.3,87,343.0,False,True,46.9,3.79,0.017,0,9,High
2019,SEP,WARREN,826,2088,45100.0,0,799.0,False,False,54.6,21.6,0.018,0,9,High
2019,SEP,WAYNESBORO,229,639,17586.0,155,4364.0,False,False,76.79,27.52,0.248,0,9,Medium
2019,SEP,WINCHESTER,3072,8300,133587.6,160,1961.5,False,False,43.49,16.09,0.015,0,9,High
2020,APR,ALBEMARLE,3227,7937,220083.1,87,470.9,False,True,68.2,27.73,0.002,1,4,Medium
2020,APR,AMHERST,1293,2962,84066.5,3889,6007.3,False,False,65.02,28.38,0.071,1,4,Medium
2020,APR,APPOMATTOX,1294,2275,59657.1,87,0.0,False,True,46.1,26.22,0.0,1,4,Medium
2020,APR,AUGUSTA,2527,5905,232705.0,140,7856.4,False,False,92.09,39.41,0.034,1,4,Low
2020,APR,BATH,346,705,19498.3,87,0.0,False,True,56.35,27.66,0.0,1,4,Medium
2020,APR,BEDFORD COUNTY,586,1129,29491.3,87,0.0,False,True,50.33,26.12,0.0,1,4,Medium
2020,APR,BUCKINGHAM,574,1035,32136.5,87,0.0,False,True,55.99,31.05,0.0,1,4,Medium
2020,APR,BUENA VISTA,374,874,38967.8,87,0.0,False,True,104.19,44.59,0.0,1,4,Low
2020,APR,CAMPBELL,979,2337,108037.1,87,2029.5,False,True,110.35,46.23,0.019,1,4,Low
2020,APR,CHARLOTTESVILLE,1009,8817,60189.7,87,0.0,False,True,59.65,6.83,0.0,1,4,High
2020,APR,CLARKE COUNTY,133,231,6600.0,82,1993.0,False,False,49.62,28.57,0.302,1,4,Medium
2020,APR,CULPEPER,819,1853,93746.7,87,0.0,False,True,114.46,50.59,0.0,1,4,Low
2020,APR,FAUQUIER,887,2055,43323.8,87,0.0,False,True,48.84,21.08,0.0,1,4,High
2020,APR,FLUVANNA,415,1263,29936.6,133,2734.7,False,False,72.14,23.7,0.091,1,4,Medium
2020,APR,FREDERICK,6742,9148,61973.7,87,0.0,False,True,9.19,6.77,0.0,1,4,High
2020,APR,GREENE,734,1914,58914.6,77,1572.3,False,False,80.27,30.78,0.027,1,4,Medium
2020,APR,HARRISONBURG,2215,8837,230753.6,154,2241.2,False,False,104.18,26.11,0.01,1,4,Medium
2020,APR,HIGHLAND,243,486,12245.3,87,0.0,False,True,50.39,25.2,0.0,1,4,Medium
2020,APR,LEXINGTON,942,2151,51980.0,87,0.0,False,True,55.18,24.17,0.0,1,4,Medium
2020,APR,LOUDOUN,3742,17084,219388.0,1065,18243.5,False,False,58.63,12.84,0.083,1,4,High
2020,APR,LYNCHBURG,12200,16048,209141.1,4259,43264.8,False,False,17.14,13.03,0.207,1,4,High
2020,APR,MADISON,186,414,21502.9,87,0.0,False,True,115.61,51.94,0.0,1,4,Low
2020,APR,NELSON,717,1406,48490.2,87,0.0,False,True,67.63,34.49,0.0,1,4,Low
2020,APR,ORANGE,497,1249,39286.6,87,0.0,False,True,79.05,31.45,0.0,1,4,Medium
2020,APR,PAGE COUNTY,370,708,28741.8,87,0.0,False,True,77.68,40.6,0.0,1,4,Low
2020,APR,PITTSYLVANIA,0,0,0.0,62,1144.0,True,False,0.0,0.0,0.0,1,4,Medium
2020,APR,RAPPAHANNOCK,341,815,30806.6,87,0.0,False,True,90.34,37.8,0.0,1,4,Low
2020,APR,ROCKBRIDGE,343,5596,9221.6,87,0.0,False,True,26.89,1.65,0.0,1,4,High
2020,APR,ROCKINGHAM,1871,3985,113316.7,75,2523.5,False,False,60.56,28.44,0.022,1,4,Medium
2020,APR,SHENANDOAH,1311,3488,85557.7,87,0.0,False,True,65.26,24.53,0.0,1,4,Medium
2020,APR,STAUNTON CITY,402,4356,27864.2,87,0.0,False,True,69.31,6.4,0.0,1,4,High
2020,APR,WARREN,341,813,36998.6,0,1002.0,False,False,108.5,45.51,0.027,1,4,Low
2020,APR,WAYNESBORO,171,488,18766.1,624,5086.1,False,False,109.74,38.46,0.271,1,4,Low
2020,APR,WINCHESTER,1739,5553,100909.3,2260,44511.2,False,False,58.03,18.17,0.441,1,4,High
2020,AUG,ALBEMARLE,2606,6351,202395.7,87,0.0,False,True,77.67,31.87,0.0,1,8,Medium
2020,AUG,AMHERST,1173,2603,109345.8,87,0.0,False,True,93.22,42.01,0.0,1,8,Low
2020,AUG,APPOMATTOX,1080,1861,30923.2,87,0.0,False,True,28.63,16.62,0.0,1,8,High
2020,AUG,AUGUSTA,2140,5292,227209.7,2096,10784.7,False,False,106.17,42.93,0.047,1,8,Low
2020,AUG,BATH,260,512,19416.6,87,0.0,False,True,74.68,37.92,0.0,1,8,Low
2020,AUG,BEDFORD COUNTY,346,732,24692.0,0,0.0,False,False,71.36,33.73,0.0,1,8,Low
2020,AUG,BUCKINGHAM,1045,1949,39148.6,87,0.0,False,True,37.46,20.09,0.0,1,8,High
2020,AUG,BUENA VISTA,289,842,37136.9,87,0.0,False,True,128.5,44.11,0.0,1,8,Low
2020,AUG,CAMPBELL,1037,2169,103049.5,0,0.0,False,False,99.37,47.51,0.0,1,8,Low
2020,AUG,CHARLOTTESVILLE,1415,7089,51024.1,87,6820.0,False,True,36.06,7.2,0.134,1,8,High
2020,AUG,CLARKE COUNTY,122,241,10634.6,61,921.0,False,False,87.17,44.13,0.087,1,8,Low
2020,AUG,CULPEPER,858,2369,59216.5,87,0.0,False,True,69.02,25.0,0.0,1,8,Medium
2020,AUG,FAUQUIER,810,1886,49177.9,87,0.0,False,True,60.71,26.08,0.0,1,8,Medium
2020,AUG,FLUVANNA,352,683,22561.3,87,3091.9,False,True,64.09,33.03,0.137,1,8,Medium
2020,AUG,FREDERICK,4542,6818,57221.8,87,0.0,False,True,12.6,8.39,0.0,1,8,High
2020,AUG,GREENE,686,1973,68234.3,87,0.0,False,True,99.47,34.58,0.0,1,8,Low
2020,AUG,HARRISONBURG,1974,6532,171325.9,137,2217.0,False,False,86.79,26.23,0.013,1,8,Medium
2020,AUG,HIGHLAND,231,472,10251.5,87,0.0,False,True,44.38,21.72,0.0,1,8,Medium
2020,AUG,LEXINGTON,674,1632,32961.5,87,0.0,False,True,48.9,20.2,0.0,1,8,Medium
2020,AUG,LOUDOUN,5918,20087,253245.7,2878,46733.8,False,False,42.79,12.61,0.185,1,8,High
2020,AUG,LYNCHBURG,10542,19180,203979.1,1330,10210.0,False,False,19.35,10.63,0.05,1,8,High
2020,AUG,MADISON,199,481,33031.0,87,0.0,False,True,165.98,68.67,0.0,1,8,Low
2020,AUG,NELSON,602,1163,43346.6,87,0.0,False,True,72.0,37.27,0.0,1,8,Low
2020,AUG,ORANGE,615,1599,37275.1,87,0.0,False,True,60.61,23.31,0.0,1,8,Medium
2020,AUG,PAGE COUNTY,320,556,43284.4,87,0.0,False,True,135.26,77.85,0.0,1,8,Low
2020,AUG,PITTSYLVANIA,0,0,0.0,0,0.0,True,False,0.0,0.0,0.0,1,8,Medium
2020,AUG,RAPPAHANNOCK,270,619,12274.8,87,0.0,False,True,45.46,19.83,0.0,1,8,Medium
2020,AUG,ROCKBRIDGE,367,805,9081.0,87,0.0,False,True,24.74,11.28,0.0,1,8,Medium
2020,AUG,ROCKINGHAM,1876,4225,99709.3,87,0.0,False,True,53.15,23.6,0.0,1,8,Medium
2020,AUG,SHENANDOAH,1023,2706,72366.7,87,0.0,False,True,70.74,26.74,0.0,1,8,Medium
2020,AUG,STAUNTON CITY,457,3049,22567.0,87,65.0,False,True,49.38,7.4,0.003,1,8,High
2020,AUG,WARREN,317,854,32556.9,0,44.0,False,False,102.7,38.12,0.001,1,8,Low
2020,AUG,WAYNESBORO,251,579,16712.2,80,0.0,False,False,66.58,28.86,0.0,1,8,Medium
2020,AUG,WINCHESTER,1934,5672,173134.9,0,0.0,False,False,89.52,30.52,0.0,1,8,Medium
2020,DEC,ALBEMARLE,2809,7348,296719.5,55,1176.0,False,False,105.63,40.38,0.004,1,12,Low
2020,DEC,AMHERST,1297,3198,96378.9,1595,6064.7,False,False,74.31,30.14,0.063,1,12,Medium
2020,DEC,APPOMATTOX,1221,2133,34765.3,87,0.0,False,True,28.47,16.3,0.0,1,12,High
2020,DEC,AUGUSTA,2294,5536,218584.5,283,426.6,False,False,95.29,39.48,0.002,1,12,Low
2020,DEC,BATH,290,581,22602.6,87,0.0,False,True,77.94,38.9,0.0,1,12,Low
2020,DEC,BEDFORD COUNTY,495,1007,37808.3,87,0.0,False,True,76.38,37.55,0.0,1,12,Low
2020,DEC,BUCKINGHAM,688,1221,26505.2,87,0.0,False,True,38.52,21.71,0.0,1,12,Medium
2020,DEC,BUENA VISTA,527,1366,54983.6,87,0.0,False,True,104.33,40.25,0.0,1,12,Low
2020,DEC,CAMPBELL,1322,2756,119282.4,86,0.0,False,False,90.23,43.28,0.0,1,12,Low
2020,DEC,CHARLOTTESVILLE,1903,11702,47021.1,0,0.0,False,False,24.71,4.02,0.0,1,12,High
2020,DEC,CLARKE COUNTY,122,263,3251.5,0,598.8,False,False,26.65,12.36,0.184,1,12,Medium
2020,DEC,CULPEPER,908,2287,58920.0,87,0.0,False,True,64.89,25.76,0.0,1,12,Medium
2020,DEC,FAUQUIER,773,1941,35781.8,87,0.0,False,True,46.29,18.43,0.0,1,12,High
2020,DEC,FLUVANNA,328,594,22258.4,87,1215.0,False,True,67.86,37.47,0.055,1,12,Low
2020,DEC,FREDERICK,1528,6023,64242.4,87,0.0,False,True,42.04,10.67,0.0,1,12,High
2020,DEC,GREENE,815,2480,83577.8,80,1601.9,False,False,102.55,33.7,0.019,1,12,Low
2020,DEC,HARRISONBURG,1755,5675,170816.6,1511,64354.6,False,False,97.33,30.1,0.377,1,12,Medium
2020,DEC,HIGHLAND,238,481,10699.7,87,0.0,False,True,44.96,22.24,0.0,1,12,Medium
2020,DEC,LEXINGTON,702,1728,48885.8,87,0.0,False,True,69.64,28.29,0.0,1,12,Medium
2020,DEC,LOUDOUN,5253,14709,204533.6,900,11494.4,False,False,38.94,13.91,0.056,1,12,High
2020,DEC,LYNCHBURG,11058,22908,236846.0,1034,16556.8,False,False,21.42,10.34,0.07,1,12,High
2020,DEC,MADISON,237,581,42069.2,87,0.0,False,True,177.51,72.41,0.0,1,12,Low
2020,DEC,NELSON,602,1262,58281.4,87,0.0,False,True,96.81,46.18,0.0,1,12,Low
2020,DEC,ORANGE,372,877,43956.9,87,0.0,False,True,118.16,50.12,0.0,1,12,Low
2020,DEC,PAGE COUNTY,675,1330,61258.7,87,0.0,False,True,90.75,46.06,0.0,1,12,Low
2020,DEC,PITTSYLVANIA,0,0,0.0,0,0.0,True,False,0.0,0.0,0.0,1,12,Medium
2020,DEC,RAPPAHANNOCK,372,985,19435.0,87,0.0,False,True,52.24,19.73,0.0,1,12,Medium
2020,DEC,ROCKBRIDGE,96,2604,3781.1,87,0.0,False,True,39.39,1.45,0.0,1,12,High
2020,DEC,ROCKINGHAM,1592,3965,96143.6,292,7709.2,False,False,60.39,24.25,0.08,1,12,Medium
2020,DEC,SHENANDOAH,1091,2712,104022.3,87,0.0,False,True,95.35,38.36,0.0,1,12,Low
2020,DEC,STAUNTON CITY,511,3384,28805.1,87,429.0,False,True,56.37,8.51,0.015,1,12,High
2020,DEC,WARREN,273,736,36365.9,0,111.0,False,False,133.21,49.41,0.003,1,12,Low
2020,DEC,WAYNESBORO,248,679,25885.8,0,720.0,False,False,104.38,38.12,0.028,1,12,Low
2020,DEC,WINCHESTER,1867,5962,122881.8,117,3348.0,False,False,65.82,20.61,0.027,1,12,High
2020,FEB,ALBEMARLE,2265,5916,168267.2,88,2381.8,False,False,74.29,28.44,0.014,1,2,Medium
2020,FEB,AMHERST,1344,2832,107767.0,1679,4393.8,False,False,80.18,38.05,0.041,1,2,Low
2020,FEB,APPOMATTOX,1330,1932,25637.6,87,0.0,False,True,19.28,13.27,0.0,1,2,High
2020,FEB,AUGUSTA,2496,6361,273526.2,160,1573.1,False,False,109.59,43.0,0.006,1,2,Low
2020,FEB,BATH,206,366,17164.5,87,0.0,False,True,83.32,46.9,0.0,1,2,Low
2020,FEB,BEDFORD COUNTY,416,798,17158.8,87,0.0,False,True,41.25,21.5,0.0,1,2,Medium
2020,FEB,BUCKINGHAM,935,1704,39595.6,87,0.0,False,True,42.35,23.24,0.0,1,2,Medium
2020,FEB,BUENA VISTA,458,876,27374.9,87,0.0,False,True,59.77,31.25,0.0,1,2,Medium
2020,FEB,CAMPBELL,1072,2136,105701.8,649,7334.5,False,False,98.6,49.49,0.069,1,2,Low
2020,FEB,CHARLOTTESVILLE,1049,7722,47653.9,0,0.0,False,False,45.43,6.17,0.0,1,2,High
2020,FEB,CLARKE COUNTY,139,323,7182.1,82,997.5,False,False,51.67,22.24,0.139,1,2,Medium
2020,FEB,CULPEPER,566,1384,35149.9,87,0.0,False,True,62.1,25.4,0.0,1,2,Medium
2020,FEB,FAUQUIER,778,1346,36416.9,87,0.0,False,True,46.81,27.06,0.0,1,2,Medium
2020,FEB,FLUVANNA,398,804,20031.5,134,4065.1,False,False,50.33,24.91,0.203,1,2,Medium
2020,FEB,FREDERICK,2423,6341,55779.0,87,0.0,False,True,23.02,8.8,0.0,1,2,High
2020,FEB,GREENE,519,1292,36620.7,79,537.5,False,False,70.56,28.34,0.015,1,2,Medium
2020,FEB,HARRISONBURG,1805,6619,160438.4,124,2420.5,False,False,88.89,24.24,0.015,1,2,Medium
2020,FEB,HIGHLAND,72,119,3858.5,87,0.0,False,True,53.59,32.42,0.0,1,2,Medium
2020,FEB,LEXINGTON,664,1530,44483.0,87,0.0,False,True,66.99,29.07,0.0,1,2,Medium
2020,FEB,LOUDOUN,2604,6640,141860.0,1065,22249.9,False,False,54.48,21.36,0.157,1,2,High
2020,FEB,LYNCHBURG,5189,12652,154085.5,3375,43462.9,False,False,29.69,12.18,0.282,1,2,High
2020,FEB,MADISON,279,659,20792.1,87,0.0,False,True,74.52,31.55,0.0,1,2,Medium
2020,FEB,NELSON,594,1199,38254.7,87,0.0,False,True,64.4,31.91,0.0,1,2,Medium
2020,FEB,ORANGE,349,883,42595.5,87,0.0,False,True,122.05,48.24,0.0,1,2,Low
2020,FEB,PAGE COUNTY,385,742,42145.5,87,0.0,False,True,109.47,56.8,0.0,1,2,Low
2020,FEB,PITTSYLVANIA,0,0,0.0,310,2321.0,True,False,0.0,0.0,0.0,1,2,Medium
2020,FEB,RAPPAHANNOCK,269,447,16042.3,87,0.0,False,True,59.64,35.89,0.0,1,2,Low
2020,FEB,ROCKBRIDGE,203,3959,11426.7,87,0.0,False,True,56.29,2.89,0.0,1,2,High
2020,FEB,ROCKINGHAM,1387,3373,74363.9,87,0.0,False,True,53.61,22.05,0.0,1,2,Medium
2020,FEB,SHENANDOAH,1516,2241,88835.4,87,0.0,False,True,58.6,39.64,0.0,1,2,Low
2020,FEB,STAUNTON CITY,674,5322,22528.4,87,626.0,False,True,33.42,4.23,0.028,1,2,High
2020,FEB,WARREN,657,1548,36655.0,251,0.0,False,False,55.79,23.68,0.0,1,2,Medium
2020,FEB,WAYNESBORO,231,635,21090.4,407,7692.4,False,False,91.3,33.21,0.365,1,2,Medium
2020,FEB,WINCHESTER,2454,6047,104217.3,727,30785.3,False,False,42.47,17.23,0.295,1,2,High
2020,JAN,ALBEMARLE,2457,6541,189061.8,93,1977.4,False,False,76.95,28.9,0.01,1,1,Medium
2020,JAN,AMHERST,1287,3783,90433.2,1656,3544.0,False,False,70.27,23.91,0.039,1,1,Medium
2020,JAN,APPOMATTOX,1363,2146,25136.9,87,0.0,False,True,18.44,11.71,0.0,1,1,High
2020,JAN,AUGUSTA,2922,7440,294046.9,70,1499.5,False,False,100.63,39.52,0.005,1,1,Low
2020,JAN,BATH,204,371,13486.5,87,0.0,False,True,66.11,36.35,0.0,1,1,Low
2020,JAN,BEDFORD COUNTY,506,998,18131.5,87,0.0,False,True,35.83,18.17,0.0,1,1,Medium
2020,JAN,BUCKINGHAM,904,1713,39707.0,87,0.0,False,True,43.92,23.18,0.0,1,1,Medium
2020,JAN,BUENA VISTA,782,1385,19328.9,87,0.0,False,True,24.72,13.96,0.0,1,1,Medium
2020,JAN,CAMPBELL,1202,2539,99329.8,229,6984.0,False,False,82.64,39.12,0.07,1,1,Low
2020,JAN,CHARLOTTESVILLE,2635,9977,42747.9,0,0.0,False,False,16.22,4.28,0.0,1,1,High
2020,JAN,CLARKE COUNTY,253,393,6022.9,82,1134.5,False,False,23.81,15.33,0.188,1,1,Medium
2020,JAN,CULPEPER,640,1610,47837.8,87,0.0,False,True,74.75,29.71,0.0,1,1,Medium
2020,JAN,FAUQUIER,805,1858,32621.6,87,0.0,False,True,40.52,17.56,0.0,1,1,High
2020,JAN,FLUVANNA,344,632,45754.6,133,3494.0,False,False,133.01,72.4,0.076,1,1,Low
2020,JAN,FREDERICK,2647,6567,56539.0,87,0.0,False,True,21.36,8.61,0.0,1,1,High
2020,JAN,GREENE,634,1479,56427.5,87,1691.5,False,False,89.0,38.15,0.03,1,1,Low
2020,JAN,HARRISONBURG,2134,8511,141114.3,307,2547.9,False,False,66.13,16.58,0.018,1,1,High
2020,JAN,HIGHLAND,98,149,2723.0,87,0.0,False,True,27.79,18.28,0.0,1,1,Medium
2020,JAN,LEXINGTON,842,1859,39282.0,87,0.0,False,True,46.65,21.13,0.0,1,1,High
2020,JAN,LOUDOUN,2686,9940,161410.0,1090,18518.9,False,False,60.09,16.24,0.115,1,1,High
2020,JAN,LYNCHBURG,7403,14241,165689.1,3101,27639.5,False,False,22.38,11.63,0.167,1,1,High
2020,JAN,MADISON,523,1260,26892.0,87,0.0,False,True,51.42,21.34,0.0,1,1,Medium
2020,JAN,NELSON,369,722,34789.4,87,0.0,False,True,94.28,48.18,0.0,1,1,Low
2020,JAN,ORANGE,354,910,46720.0,87,0.0,False,True,131.98,51.34,0.0,1,1,Low
2020,JAN,PAGE COUNTY,365,777,53732.1,87,0.0,False,True,147.21,69.15,0.0,1,1,Low
2020,JAN,PITTSYLVANIA,0,0,0.0,78,2332.0,True,False,0.0,0.0,0.0,1,1,Medium
2020,JAN,RAPPAHANNOCK,263,697,21238.7,87,0.0,False,True,80.76,30.47,0.0,1,1,Medium
2020,JAN,ROCKBRIDGE,100,2815,11987.1,87,0.0,False,True,119.87,4.26,0.0,1,1,High
2020,JAN,ROCKINGHAM,1633,3368,94108.1,87,0.0,False,True,57.63,27.94,0.0,1,1,Medium
2020,JAN,SHENANDOAH,1240,3196,75434.6,87,0.0,False,True,60.83,23.6,0.0,1,1,Medium
2020,JAN,STAUNTON CITY,513,5760,24212.4,87,896.2,False,True,47.2,4.2,0.037,1,1,High
2020,JAN,WARREN,809,2502,44707.2,257,644.0,False,False,55.26,17.87,0.014,1,1,High
2020,JAN,WAYNESBORO,623,1303,17564.7,156,7880.9,False,False,28.19,13.48,0.449,1,1,Medium
2020,JAN,WINCHESTER,2495,7862,134082.4,717,5344.0,False,False,53.74,17.05,0.04,1,1,High
2020,JUL,ALBEMARLE,2066,4818,223549.0,87,0.0,False,True,108.2,46.4,0.0,1,7,Low
2020,JUL,AMHERST,1227,2734,95792.9,0,0.0,False,False,78.07,35.04,0.0,1,7,Low
2020,JUL,APPOMATTOX,1318,2233,42198.9,87,0.0,False,True,32.02,18.9,0.0,1,7,High
2020,JUL,AUGUSTA,1994,4856,164917.2,506,13240.9,False,False,82.71,33.96,0.08,1,7,Low
2020,JUL,BATH,273,533,16353.0,87,0.0,False,True,59.9,30.68,0.0,1,7,Medium
2020,JUL,BEDFORD COUNTY,401,762,19254.9,0,0.0,False,False,48.02,25.27,0.0,1,7,Medium
2020,JUL,BUCKINGHAM,898,1687,47231.1,87,0.0,False,True,52.6,28.0,0.0,1,7,Medium
2020,JUL,BUENA VISTA,219,537,22954.4,87,0.0,False,True,104.81,42.75,0.0,1,7,Low
2020,JUL,CAMPBELL,1242,2570,106535.4,0,0.0,False,False,85.78,41.45,0.0,1,7,Low
2020,JUL,CHARLOTTESVILLE,1313,8853,67887.3,87,11112.4,False,True,51.7,7.67,0.164,1,7,High
2020,JUL,CLARKE COUNTY,225,349,8194.6,82,992.0,False,False,36.42,23.48,0.121,1,7,Medium
2020,JUL,CULPEPER,540,1423,77961.6,87,0.0,False,True,144.37,54.79,0.0,1,7,Low
2020,JUL,FAUQUIER,772,1896,46013.1,87,0.0,False,True,59.6,24.27,0.0,1,7,Medium
2020,JUL,FLUVANNA,467,907,38724.7,87,1569.0,False,True,82.92,42.7,0.041,1,7,Low
2020,JUL,FREDERICK,1360,6509,65173.1,87,0.0,False,True,47.92,10.01,0.0,1,7,High
2020,JUL,GREENE,624,1771,76376.8,87,0.0,False,True,122.4,43.13,0.0,1,7,Low
2020,JUL,HARRISONBURG,2185,6934,244857.9,211,2240.8,False,False,112.06,35.31,0.009,1,7,Low
2020,JUL,HIGHLAND,234,466,13779.9,87,0.0,False,True,58.89,29.57,0.0,1,7,Medium
2020,JUL,LEXINGTON,4871,5922,50544.7,87,0.0,False,True,10.38,8.54,0.0,1,7,High
2020,JUL,LOUDOUN,3829,20830,204445.9,0,43579.9,False,False,53.39,9.81,0.213,1,7,High
2020,JUL,LYNCHBURG,12177,17322,184445.1,3995,22631.8,False,False,15.15,10.65,0.123,1,7,High
2020,JUL,MADISON,309,527,32398.8,87,0.0,False,True,104.85,61.48,0.0,1,7,Low
2020,JUL,NELSON,570,1056,36413.2,87,0.0,False,True,63.88,34.48,0.0,1,7,Low
2020,JUL,ORANGE,573,1476,37846.4,87,0.0,False,True,66.05,25.64,0.0,1,7,Medium
2020,JUL,PAGE COUNTY,316,591,35423.6,87,0.0,False,True,112.1,59.94,0.0,1,7,Low
2020,JUL,PITTSYLVANIA,0,0,0.0,0,0.0,True,False,0.0,0.0,0.0,1,7,Medium
2020,JUL,RAPPAHANNOCK,225,525,11120.5,87,0.0,False,True,49.42,21.18,0.0,1,7,Medium
2020,JUL,ROCKBRIDGE,2512,2754,6970.5,87,0.0,False,True,2.77,2.53,0.0,1,7,High
2020,JUL,ROCKINGHAM,1395,3075,90307.6,75,0.0,False,False,64.74,29.37,0.0,1,7,Medium
2020,JUL,SHENANDOAH,850,2108,47416.8,87,0.0,False,True,55.78,22.49,0.0,1,7,Medium
2020,JUL,STAUNTON CITY,403,2956,19026.3,87,844.0,False,True,47.21,6.44,0.044,1,7,High
2020,JUL,WARREN,306,747,33832.7,0,0.0,False,False,110.56,45.29,0.0,1,7,Low
2020,JUL,WAYNESBORO,152,380,17501.5,80,660.0,False,False,115.14,46.06,0.038,1,7,Low
2020,JUL,WINCHESTER,2022,6303,215834.4,1175,2179.0,False,False,106.74,34.24,0.01,1,7,Low
2020,JUN,ALBEMARLE,2265,6209,182929.8,18,498.4,False,False,80.76,29.46,0.003,1,6,Medium
2020,JUN,AMHERST,1244,2890,99883.2,1554,2812.4,False,False,80.29,34.56,0.028,1,6,Low
2020,JUN,APPOMATTOX,1322,2344,46470.6,87,0.0,False,True,35.15,19.83,0.0,1,6,High
2020,JUN,AUGUSTA,2109,4974,188522.6,18,12048.6,False,False,89.39,37.9,0.064,1,6,Low
2020,JUN,BATH,290,623,18115.7,87,0.0,False,True,62.47,29.08,0.0,1,6,Medium
2020,JUN,BEDFORD COUNTY,237,546,14717.5,0,0.0,False,False,62.1,26.96,0.0,1,6,Medium
2020,JUN,BUCKINGHAM,859,1685,41871.1,87,0.0,False,True,48.74,24.85,0.0,1,6,Medium
2020,JUN,BUENA VISTA,345,812,36159.7,87,0.0,False,True,104.81,44.53,0.0,1,6,Low
2020,JUN,CAMPBELL,1138,2488,95060.8,0,0.0,False,False,83.53,38.21,0.0,1,6,Low
2020,JUN,CHARLOTTESVILLE,1766,9547,63109.6,87,4831.2,False,True,35.74,6.61,0.077,1,6,High
2020,JUN,CLARKE COUNTY,115,222,9097.9,82,1453.4,False,False,79.11,40.98,0.16,1,6,Low
2020,JUN,CULPEPER,1014,2667,84936.6,87,0.0,False,True,83.76,31.85,0.0,1,6,Medium
2020,JUN,FAUQUIER,831,1955,72456.0,87,0.0,False,True,87.19,37.06,0.0,1,6,Low
2020,JUN,FLUVANNA,392,801,31306.1,87,3097.6,False,True,79.86,39.08,0.099,1,6,Low
2020,JUN,FREDERICK,5539,7872,55634.8,87,0.0,False,True,10.04,7.07,0.0,1,6,High
2020,JUN,GREENE,517,1446,67433.8,87,0.0,False,True,130.43,46.63,0.0,1,6,Low
2020,JUN,HARRISONBURG,2476,8850,141946.8,276,2415.0,False,False,57.33,16.04,0.017,1,6,High
2020,JUN,HIGHLAND,231,476,11420.7,87,0.0,False,True,49.44,23.99,0.0,1,6,Medium
2020,JUN,LEXINGTON,2273,2875,54465.4,87,0.0,False,True,23.96,18.94,0.0,1,6,High
2020,JUN,LOUDOUN,5321,24053,227788.7,1140,38871.0,False,False,42.81,9.47,0.171,1,6,High
2020,JUN,LYNCHBURG,9834,14995,204103.6,1075,3065.0,False,False,20.75,13.61,0.015,1,6,High
2020,JUN,MADISON,190,438,24081.7,87,0.0,False,True,126.75,54.98,0.0,1,6,Low
2020,JUN,NELSON,619,1174,46492.0,87,0.0,False,True,75.11,39.6,0.0,1,6,Low
2020,JUN,ORANGE,573,1391,31068.0,87,0.0,False,True,54.22,22.34,0.0,1,6,Medium
2020,JUN,PAGE COUNTY,379,637,59115.4,87,0.0,False,True,155.98,92.8,0.0,1,6,Low
2020,JUN,PITTSYLVANIA,0,0,0.0,0,0.0,True,False,0.0,0.0,0.0,1,6,Medium
2020,JUN,RAPPAHANNOCK,252,558,21780.3,87,0.0,False,True,86.43,39.03,0.0,1,6,Low
2020,JUN,ROCKBRIDGE,165,3284,12265.8,87,0.0,False,True,74.34,3.74,0.0,1,6,High
2020,JUN,ROCKINGHAM,1677,3687,94141.2,87,0.0,False,True,56.14,25.53,0.0,1,6,Medium
2020,JUN,SHENANDOAH,1120,2880,97087.0,87,0.0,False,True,86.68,33.71,0.0,1,6,Low
2020,JUN,STAUNTON CITY,293,3039,24368.7,87,229.0,False,True,83.17,8.02,0.009,1,6,High
2020,JUN,WARREN,258,749,31560.6,0,456.0,False,False,122.33,42.14,0.014,1,6,Low
2020,JUN,WAYNESBORO,129,536,22343.1,87,314.0,False,True,173.2,41.68,0.014,1,6,Low
2020,JUN,WINCHESTER,2427,7246,154504.5,2260,15862.5,False,False,63.66,21.32,0.103,1,6,High
2020,MAR,ALBEMARLE,2609,6176,194745.4,56,1776.2,False,False,74.64,31.53,0.009,1,3,Medium
2020,MAR,AMHERST,858,2416,114467.7,1770,7797.0,False,False,133.41,47.38,0.068,1,3,Low
2020,MAR,APPOMATTOX,1094,1844,28537.5,87,0.0,False,True,26.09,15.48,0.0,1,3,High
2020,MAR,AUGUSTA,2639,6449,259542.8,160,2974.6,False,False,98.35,40.25,0.011,1,3,Low
2020,MAR,BATH,221,389,13853.7,87,0.0,False,True,62.69,35.61,0.0,1,3,Low
2020,MAR,BEDFORD COUNTY,471,937,21253.6,87,0.0,False,True,45.12,22.68,0.0,1,3,Medium
2020,MAR,BUCKINGHAM,874,1608,45015.8,87,0.0,False,True,51.51,27.99,0.0,1,3,Medium
2020,MAR,BUENA VISTA,337,903,30488.4,87,0.0,False,True,90.47,33.76,0.0,1,3,Low
2020,MAR,CAMPBELL,895,1770,95558.9,87,2269.5,False,True,106.77,53.99,0.024,1,3,Low
2020,MAR,CHARLOTTESVILLE,1295,7093,56563.6,0,0.0,False,False,43.68,7.97,0.0,1,3,High
2020,MAR,CLARKE COUNTY,166,275,9345.5,82,1168.6,False,False,56.3,33.98,0.125,1,3,Low
2020,MAR,CULPEPER,533,1530,31404.7,87,0.0,False,True,58.92,20.53,0.0,1,3,Medium
2020,MAR,FAUQUIER,776,1768,42926.4,87,0.0,False,True,55.32,24.28,0.0,1,3,Medium
2020,MAR,FLUVANNA,344,940,35040.5,133,6855.6,False,False,101.86,37.28,0.196,1,3,Low
2020,MAR,FREDERICK,3265,5634,61216.8,87,0.0,False,True,18.75,10.87,0.0,1,3,High
2020,MAR,GREENE,637,1712,57880.0,78,1996.9,False,False,90.86,33.81,0.035,1,3,Low
2020,MAR,HARRISONBURG,2140,7862,148789.6,0,3410.4,False,False,69.53,18.93,0.023,1,3,High
2020,MAR,HIGHLAND,173,311,11200.6,87,0.0,False,True,64.74,36.01,0.0,1,3,Low
2020,MAR,LEXINGTON,963,2311,59729.3,87,0.0,False,True,62.02,25.85,0.0,1,3,Medium
2020,MAR,LOUDOUN,2663,12166,213042.3,1065,24277.0,False,False,80.0,17.51,0.114,1,3,High
2020,MAR,LYNCHBURG,8922,13646,203935.7,286,33134.0,False,False,22.86,14.94,0.162,1,3,High
2020,MAR,MADISON,272,639,37563.4,87,0.0,False,True,138.1,58.78,0.0,1,3,Low
2020,MAR,NELSON,578,1204,48208.4,87,0.0,False,True,83.41,40.04,0.0,1,3,Low
2020,MAR,ORANGE,534,1367,47942.1,87,0.0,False,True,89.78,35.07,0.0,1,3,Low
2020,MAR,PAGE COUNTY,399,661,59835.0,87,0.0,False,True,149.96,90.52,0.0,1,3,Low
2020,MAR,PITTSYLVANIA,0,0,0.0,76,2640.5,True,False,0.0,0.0,0.0,1,3,Medium
2020,MAR,RAPPAHANNOCK,352,893,32282.6,87,0.0,False,True,91.71,36.15,0.0,1,3,Low
2020,MAR,ROCKBRIDGE,202,4646,14040.9,87,0.0,False,True,69.51,3.02,0.0,1,3,High
2020,MAR,ROCKINGHAM,1876,3949,78408.8,87,930.2,False,True,41.8,19.86,0.012,1,3,High
2020,MAR,SHENANDOAH,1290,3512,49139.0,87,0.0,False,True,38.09,13.99,0.0,1,3,High
2020,MAR,STAUNTON CITY,593,5593,27504.3,87,445.0,False,True,46.38,4.92,0.016,1,3,High
2020,MAR,WARREN,523,1448,36695.9,215,1421.5,False,False,70.16,25.34,0.039,1,3,Medium
2020,MAR,WAYNESBORO,224,596,16942.0,624,4196.4,False,False,75.63,28.43,0.248,1,3,Medium
2020,MAR,WINCHESTER,1949,5764,116331.2,962,65288.6,False,False,59.69,20.18,0.561,1,3,High
2020,MAY,ALBEMARLE,2395,10763,194504.0,18,592.8,False,False,81.21,18.07,0.003,1,5,High
2020,MAY,AMHERST,1317,2976,83940.8,2583,1220.4,False,False,63.74,28.21,0.015,1,5,Medium
2020,MAY,APPOMATTOX,1334,2312,48486.7,87,0.0,False,True,36.35,20.97,0.0,1,5,High
2020,MAY,AUGUSTA,2310,5650,193461.7,18,5344.0,False,False,83.75,34.24,0.028,1,5,Low
2020,MAY,BATH,311,660,21774.0,87,0.0,False,True,70.01,32.99,0.0,1,5,Medium
2020,MAY,BEDFORD COUNTY,453,800,21022.0,87,0.0,False,True,46.41,26.28,0.0,1,5,Medium
2020,MAY,BUCKINGHAM,902,1735,41822.4,87,0.0,False,True,46.37,24.11,0.0,1,5,Medium
2020,MAY,BUENA VISTA,242,533,28147.7,87,0.0,False,True,116.31,52.81,0.0,1,5,Low
2020,MAY,CAMPBELL,841,2320,101743.5,87,762.0,False,True,120.98,43.85,0.007,1,5,Low
2020,MAY,CHARLOTTESVILLE,1597,9612,53703.9,87,0.0,False,True,33.63,5.59,0.0,1,5,High
2020,MAY,CLARKE COUNTY,121,238,3774.3,82,1000.0,False,False,31.19,15.86,0.265,1,5,Medium
2020,MAY,CULPEPER,1008,1952,51815.4,87,0.0,False,True,51.4,26.54,0.0,1,5,Medium
2020,MAY,FAUQUIER,848,1911,25016.7,87,0.0,False,True,29.5,13.09,0.0,1,5,High
2020,MAY,FLUVANNA,427,1080,25097.7,87,3695.5,False,True,58.78,23.24,0.147,1,5,Medium
2020,MAY,FREDERICK,8375,14057,48617.6,87,0.0,False,True,5.81,3.46,0.0,1,5,High
2020,MAY,GREENE,637,1644,59450.5,78,1947.9,False,False,93.33,36.16,0.033,1,5,Low
2020,MAY,HARRISONBURG,2055,7447,192638.2,268,2304.8,False,False,93.74,25.87,0.012,1,5,Medium
2020,MAY,HIGHLAND,236,487,8981.3,87,0.0,False,True,38.06,18.44,0.0,1,5,Medium
2020,MAY,LEXINGTON,705,1675,56416.9,87,0.0,False,True,80.02,33.68,0.0,1,5,Low
2020,MAY,LOUDOUN,4927,26585,211896.4,1055,30114.6,False,False,43.01,7.97,0.142,1,5,High
2020,MAY,LYNCHBURG,10765,14906,189584.7,2433,29864.2,False,False,17.61,12.72,0.158,1,5,High
2020,MAY,MADISON,193,504,23002.8,87,0.0,False,True,119.19,45.64,0.0,1,5,Low
2020,MAY,NELSON,745,1472,43747.3,87,0.0,False,True,58.72,29.72,0.0,1,5,Medium
2020,MAY,ORANGE,558,1409,23784.2,87,0.0,False,True,42.62,16.88,0.0,1,5,Medium
2020,MAY,PAGE COUNTY,346,481,56086.6,87,0.0,False,True,162.1,116.6,0.0,1,5,Low
2020,MAY,PITTSYLVANIA,0,0,0.0,28,674.7,True,False,0.0,0.0,0.0,1,5,Medium
2020,MAY,RAPPAHANNOCK,267,723,28613.7,87,0.0,False,True,107.17,39.58,0.0,1,5,Low
2020,MAY,ROCKBRIDGE,209,5926,11664.7,87,0.0,False,True,55.81,1.97,0.0,1,5,High
2020,MAY,ROCKINGHAM,2021,4241,96396.9,75,1766.9,False,False,47.7,22.73,0.018,1,5,Medium
2020,MAY,SHENANDOAH,1287,3772,79924.3,87,0.0,False,True,62.1,21.19,0.0,1,5,High
2020,MAY,STAUNTON CITY,308,3533,28964.1,87,0.0,False,True,94.04,8.2,0.0,1,5,High
2020,MAY,WARREN,243,579,29186.8,0,476.3,False,False,120.11,50.41,0.016,1,5,Low
2020,MAY,WAYNESBORO,159,554,17622.3,640,4812.8,False,False,110.83,31.81,0.273,1,5,Medium
2020,MAY,WINCHESTER,1874,6005,122124.6,2260,17376.4,False,False,65.17,20.34,0.142,1,5,High
2020,NOV,ALBEMARLE,2806,7464,202972.1,55,1684.2,False,False,72.34,27.19,0.008,1,11,Medium
2020,NOV,AMHERST,1431,3944,102283.6,0,9528.6,False,False,71.48,25.93,0.093,1,11,Medium
2020,NOV,APPOMATTOX,1016,1627,24573.9,87,0.0,False,True,24.19,15.1,0.0,1,11,Medium
2020,NOV,AUGUSTA,2843,6897,274193.6,79,633.6,False,False,96.45,39.76,0.002,1,11,Low
2020,NOV,BATH,314,653,15446.0,87,0.0,False,True,49.19,23.65,0.0,1,11,Medium
2020,NOV,BEDFORD COUNTY,460,910,24223.4,24,219.0,False,False,52.66,26.62,0.009,1,11,Medium
2020,NOV,BUCKINGHAM,762,1425,33224.5,87,0.0,False,True,43.6,23.32,0.0,1,11,Medium
2020,NOV,BUENA VISTA,454,1163,41248.4,87,0.0,False,True,90.86,35.47,0.0,1,11,Low
2020,NOV,CAMPBELL,1337,3140,123339.4,87,92.0,False,True,92.25,39.28,0.001,1,11,Low
2020,NOV,CHARLOTTESVILLE,1465,10136,38474.3,0,0.0,False,False,26.26,3.8,0.0,1,11,High
2020,NOV,CLARKE COUNTY,192,404,5063.3,63,1272.0,False,False,26.37,12.53,0.251,1,11,Medium
2020,NOV,CULPEPER,852,2273,60094.2,87,0.0,False,True,70.53,26.44,0.0,1,11,Medium
2020,NOV,FAUQUIER,888,2170,37017.5,87,0.0,False,True,41.69,17.06,0.0,1,11,High
2020,NOV,FLUVANNA,473,794,37924.6,132,2700.0,False,False,80.18,47.76,0.071,1,11,Low
2020,NOV,FREDERICK,1951,4796,43275.8,87,0.0,False,True,22.18,9.02,0.0,1,11,High
2020,NOV,GREENE,787,2294,82499.3,80,1008.7,False,False,104.83,35.96,0.012,1,11,Low
2020,NOV,HARRISONBURG,3981,5880,184956.1,263,3184.1,False,False,46.46,31.46,0.017,1,11,Medium
2020,NOV,HIGHLAND,259,518,16305.6,87,0.0,False,True,62.96,31.48,0.0,1,11,Medium
2020,NOV,LEXINGTON,812,2162,57106.8,87,0.0,False,True,70.33,26.41,0.0,1,11,Medium
2020,NOV,LOUDOUN,4414,12875,201833.8,856,25251.4,False,False,45.73,15.68,0.125,1,11,High
2020,NOV,LYNCHBURG,12059,21287,227651.6,1725,21622.2,False,False,18.88,10.69,0.095,1,11,High
2020,NOV,MADISON,261,611,45851.1,87,0.0,False,True,175.67,75.04,0.0,1,11,Low
2020,NOV,NELSON,696,1369,42076.5,87,0.0,False,True,60.45,30.74,0.0,1,11,Medium
2020,NOV,ORANGE,738,1731,29096.6,87,0.0,False,True,39.43,16.81,0.0,1,11,Medium
2020,NOV,PAGE COUNTY,791,1513,44089.7,87,0.0,False,True,55.74,29.14,0.0,1,11,Medium
2020,NOV,PITTSYLVANIA,0,0,0.0,0,0.0,True,False,0.0,0.0,0.0,1,11,Medium
2020,NOV,RAPPAHANNOCK,486,1234,20710.5,87,0.0,False,True,42.61,16.78,0.0,1,11,Medium
2020,NOV,ROCKBRIDGE,321,3675,11443.0,87,0.0,False,True,35.65,3.11,0.0,1,11,High
2020,NOV,ROCKINGHAM,1876,4336,124380.4,292,5992.5,False,False,66.3,28.69,0.048,1,11,Medium
2020,NOV,SHENANDOAH,1121,2865,90484.7,87,0.0,False,True,80.72,31.58,0.0,1,11,Medium
2020,NOV,STAUNTON CITY,369,4058,27020.8,87,313.0,False,True,73.23,6.66,0.012,1,11,High
2020,NOV,WARREN,363,990,37242.1,0,0.0,False,False,102.6,37.62,0.0,1,11,Low
2020,NOV,WAYNESBORO,241,652,17136.6,0,1621.1,False,False,71.11,26.28,0.095,1,11,Medium
2020,NOV,WINCHESTER,2443,7782,149147.5,117,4730.6,False,False,61.05,19.17,0.032,1,11,High
2020,OCT,ALBEMARLE,2627,6834,246369.8,55,1864.2,False,False,93.78,36.05,0.008,1,10,Low
2020,OCT,AMHERST,1460,3269,114609.9,1108,4099.5,False,False,78.5,35.06,0.036,1,10,Low
2020,OCT,APPOMATTOX,975,1619,32046.1,87,0.0,False,True,32.87,19.79,0.0,1,10,Medium
2020,OCT,AUGUSTA,2331,5784,233333.5,15,426.6,False,False,100.1,40.34,0.002,1,10,Low
2020,OCT,BATH,301,602,18152.5,87,0.0,False,True,60.31,30.15,0.0,1,10,Medium
2020,OCT,BEDFORD COUNTY,380,760,27151.8,24,0.0,False,False,71.45,35.73,0.0,1,10,Low
2020,OCT,BUCKINGHAM,1016,1817,44415.6,87,0.0,False,True,43.72,24.44,0.0,1,10,Medium
2020,OCT,BUENA VISTA,404,1000,33302.8,87,0.0,False,True,82.43,33.3,0.0,1,10,Low
2020,OCT,CAMPBELL,1187,2554,119556.7,46,0.0,False,False,100.72,46.81,0.0,1,10,Low
2020,OCT,CHARLOTTESVILLE,1543,10295,43149.6,0,0.0,False,False,27.96,4.19,0.0,1,10,High
2020,OCT,CLARKE COUNTY,126,264,6263.7,63,516.0,False,False,49.71,23.73,0.082,1,10,Medium
2020,OCT,CULPEPER,713,1899,71336.6,87,0.0,False,True,100.05,37.57,0.0,1,10,Low
2020,OCT,FAUQUIER,821,1995,52732.4,87,0.0,False,True,64.23,26.43,0.0,1,10,Medium
2020,OCT,FLUVANNA,441,727,29848.4,87,4430.4,False,True,67.68,41.06,0.148,1,10,Low
2020,OCT,FREDERICK,4390,6076,58441.8,87,0.0,False,True,13.31,9.62,0.0,1,10,High
2020,OCT,GREENE,665,1978,91975.6,78,1592.4,False,False,138.31,46.5,0.017,1,10,Low
2020,OCT,HARRISONBURG,1946,7379,156868.1,74,7231.3,False,False,80.61,21.26,0.046,1,10,High
2020,OCT,HIGHLAND,239,489,11743.6,87,0.0,False,True,49.14,24.02,0.0,1,10,Medium
2020,OCT,LEXINGTON,774,1869,40803.3,87,0.0,False,True,52.72,21.83,0.0,1,10,Medium
2020,OCT,LOUDOUN,3131,14186,242776.4,970,21050.5,False,False,77.54,17.11,0.087,1,10,High
2020,OCT,LYNCHBURG,12572,21061,243213.0,640,13583.9,False,False,19.35,11.55,0.056,1,10,High
2020,OCT,MADISON,205,528,46813.5,87,0.0,False,True,228.36,88.66,0.0,1,10,Low
2020,OCT,NELSON,615,1214,41967.0,87,0.0,False,True,68.24,34.57,0.0,1,10,Low
2020,OCT,ORANGE,671,1583,42942.8,87,0.0,False,True,64.0,27.13,0.0,1,10,Medium
2020,OCT,PAGE COUNTY,653,1145,63282.5,87,0.0,False,True,96.91,55.27,0.0,1,10,Low
2020,OCT,RAPPAHANNOCK,248,643,21590.6,87,0.0,False,True,87.06,33.58,0.0,1,10,Low
2020,OCT,ROCKBRIDGE,151,4710,8916.8,87,0.0,False,True,59.05,1.89,0.0,1,10,High
2020,OCT,ROCKINGHAM,2922,4401,128558.4,292,10793.6,False,False,44.0,29.21,0.084,1,10,Medium
2020,OCT,SHENANDOAH,968,2573,73481.8,87,0.0,False,True,75.91,28.56,0.0,1,10,Medium
2020,OCT,STAUNTON CITY,703,4397,27792.9,87,270.0,False,True,39.53,6.32,0.01,1,10,High
2020,OCT,WARREN,185,985,34440.6,0,322.4,False,False,186.17,34.97,0.009,1,10,Low
2020,OCT,WAYNESBORO,210,563,21808.7,0,455.0,False,False,103.85,38.74,0.021,1,10,Low
2020,OCT,WINCHESTER,1982,6060,145028.0,140,5697.0,False,False,73.17,23.93,0.039,1,10,Medium
2020,SEP,ALBEMARLE,2657,6209,270534.6,55,1138.5,False,False,101.82,43.57,0.004,1,9,Low
2020,SEP,AMHERST,1382,2976,87223.7,1275,6765.0,False,False,63.11,29.31,0.078,1,9,Medium
2020,SEP,APPOMATTOX,1236,2080,24937.9,87,0.0,False,True,20.18,11.99,0.0,1,9,High
2020,SEP,AUGUSTA,2127,5344,229672.7,15,3001.5,False,False,107.98,42.98,0.013,1,9,Low
2020,SEP,BATH,235,433,17545.7,87,0.0,False,True,74.66,40.52,0.0,1,9,Low
2020,SEP,BEDFORD COUNTY,355,780,23967.1,0,1734.0,False,False,67.51,30.73,0.072,1,9,Medium
2020,SEP,BUCKINGHAM,975,1815,52200.2,87,0.0,False,True,53.54,28.76,0.0,1,9,Medium
2020,SEP,BUENA VISTA,241,620,27485.1,87,0.0,False,True,114.05,44.33,0.0,1,9,Low
2020,SEP,CAMPBELL,1301,2822,119699.9,87,544.3,False,True,92.01,42.42,0.005,1,9,Low
2020,SEP,CHARLOTTESVILLE,1271,8916,44335.5,87,0.0,False,True,34.88,4.97,0.0,1,9,High
2020,SEP,CLARKE COUNTY,126,242,5894.4,52,887.0,False,False,46.78,24.36,0.15,1,9,Medium
2020,SEP,CULPEPER,862,2403,68472.8,87,0.0,False,True,79.43,28.49,0.0,1,9,Medium
2020,SEP,FAUQUIER,713,1864,54814.6,87,0.0,False,True,76.88,29.41,0.0,1,9,Medium
2020,SEP,FLUVANNA,326,1039,39073.2,87,1863.0,False,True,119.86,37.61,0.048,1,9,Low
2020,SEP,FREDERICK,4423,8404,57541.3,87,0.0,False,True,13.01,6.85,0.0,1,9,High
2020,SEP,GREENE,689,2040,73689.4,87,0.0,False,True,106.95,36.12,0.0,1,9,Low
2020,SEP,HARRISONBURG,1914,6440,203753.3,143,4651.4,False,False,106.45,31.64,0.023,1,9,Medium
2020,SEP,HIGHLAND,203,435,12383.4,87,0.0,False,True,61.0,28.47,0.0,1,9,Medium
2020,SEP,LEXINGTON,718,1806,66778.4,87,0.0,False,True,93.01,36.98,0.0,1,9,Low
2020,SEP,LOUDOUN,3335,16429,213875.8,700,11362.9,False,False,64.13,13.02,0.053,1,9,High
2020,SEP,LYNCHBURG,13832,22985,200785.3,697,11345.8,False,False,14.52,8.74,0.057,1,9,High
2020,SEP,MADISON,233,555,33860.6,87,0.0,False,True,145.32,61.01,0.0,1,9,Low
2020,SEP,NELSON,559,1001,34558.8,87,0.0,False,True,61.82,34.52,0.0,1,9,Low
2020,SEP,ORANGE,531,1259,24983.9,87,0.0,False,True,47.05,19.84,0.0,1,9,Medium
2020,SEP,PAGE COUNTY,335,759,37483.6,87,0.0,False,True,111.89,49.39,0.0,1,9,Low
2020,SEP,RAPPAHANNOCK,303,654,16139.4,87,0.0,False,True,53.27,24.68,0.0,1,9,Medium
2020,SEP,ROCKBRIDGE,169,1066,9568.8,87,0.0,False,True,56.62,8.98,0.0,1,9,Medium
2020,SEP,ROCKINGHAM,1910,4185,130071.8,68,4220.1,False,False,68.1,31.08,0.032,1,9,Medium
2020,SEP,SHENANDOAH,1074,2745,76482.6,87,0.0,False,True,71.21,27.86,0.0,1,9,Medium
2020,SEP,STAUNTON CITY,653,4054,29764.3,87,475.0,False,True,45.58,7.34,0.016,1,9,High
2020,SEP,WARREN,238,637,36335.3,0,0.0,False,False,152.67,57.04,0.0,1,9,Low
2020,SEP,WAYNESBORO,218,596,24170.4,0,0.0,False,False,110.87,40.55,0.0,1,9,Low
2020,SEP,WINCHESTER,2180,6848,170947.4,0,1990.8,False,False,78.42,24.96,0.012,1,9,Medium
2021,APR,ALBEMARLE,1787,4413,178119.3,55,1227.0,False,False,99.68,40.36,0.007,1,4,Low
2021,APR,AMHERST,1022,2312,76784.5,1002,0.0,False,False,75.13,33.21,0.0,1,4,Medium
2021,APR,APPOMATTOX,1239,1892,34577.4,87,0.0,False,True,27.91,18.28,0.0,1,4,High
2021,APR,AUGUSTA,1385,3148,141942.1,62,1083.1,False,False,102.49,45.09,0.008,1,4,Low
2021,APR,BATH,284,530,20035.5,134,0.0,False,False,70.55,37.8,0.0,1,4,Low
2021,APR,BEDFORD COUNTY,421,794,44559.2,0,0.0,False,False,105.84,56.12,0.0,1,4,Low
2021,APR,BUCKINGHAM,680,1320,34913.7,87,0.0,False,True,51.34,26.45,0.0,1,4,Medium
2021,APR,BUENA VISTA,218,546,28554.6,87,0.0,False,True,130.98,52.3,0.0,1,4,Low
2021,APR,CAMPBELL,798,1731,97160.4,25,509.8,False,False,121.75,56.13,0.005,1,4,Low
2021,APR,CHARLOTTESVILLE,792,3791,29476.3,0,0.0,False,False,37.22,7.78,0.0,1,4,High
2021,APR,CLARKE COUNTY,139,325,6932.2,64,532.5,False,False,49.87,21.33,0.077,1,4,Medium
2021,APR,CULPEPER,534,1134,57564.1,87,0.0,False,True,107.8,50.76,0.0,1,4,Low
2021,APR,FAUQUIER,619,1468,39812.2,87,0.0,False,True,64.32,27.12,0.0,1,4,Medium
2021,APR,FLUVANNA,328,811,29015.4,90,0.0,False,False,88.46,35.78,0.0,1,4,Low
2021,APR,FREDERICK,511,7803,39678.6,87,0.0,False,True,77.65,5.09,0.0,1,4,High
2021,APR,GREENE,604,1614,56608.9,73,1724.0,False,False,93.72,35.07,0.03,1,4,Low
2021,APR,HARRISONBURG,1734,5602,138252.0,256,8411.0,False,False,79.73,24.68,0.061,1,4,Medium
2021,APR,HIGHLAND,246,486,10748.8,87,0.0,False,True,43.69,22.12,0.0,1,4,Medium
2021,APR,LEXINGTON,497,1028,34223.6,87,0.0,False,True,68.86,33.29,0.0,1,4,Low
2021,APR,LOUDOUN,11676,22950,242285.1,676,3632.0,False,False,20.75,10.56,0.015,1,4,High
2021,APR,LYNCHBURG,9041,12913,181031.4,372,18326.6,False,False,20.02,14.02,0.101,1,4,High
2021,APR,MADISON,168,377,30820.0,87,0.0,False,True,183.45,81.75,0.0,1,4,Low
2021,APR,NELSON,564,1065,49524.4,87,0.0,False,True,87.81,46.5,0.0,1,4,Low
2021,APR,ORANGE,578,1157,33190.1,87,0.0,False,True,57.42,28.69,0.0,1,4,Medium
2021,APR,PAGE COUNTY,252,631,36389.1,50,0.0,False,False,144.4,57.67,0.0,1,4,Low
2021,APR,PITTSYLVANIA,0,0,0.0,0,0.0,True,False,0.0,0.0,0.0,1,4,Medium
2021,APR,RAPPAHANNOCK,173,387,15562.9,87,0.0,False,True,89.96,40.21,0.0,1,4,Low
2021,APR,ROCKBRIDGE,114,4954,6327.9,87,0.0,False,True,55.51,1.28,0.0,1,4,High
2021,APR,ROCKINGHAM,1313,2691,82002.2,303,3290.7,False,False,62.45,30.47,0.04,1,4,Medium
2021,APR,SHENANDOAH,711,1768,42645.4,87,0.0,False,True,59.98,24.12,0.0,1,4,Medium
2021,APR,STAUNTON CITY,271,3251,21004.3,87,205.0,False,True,77.51,6.46,0.01,1,4,High
2021,APR,WARREN,525,2039,28653.7,34,0.0,False,False,54.58,14.05,0.0,1,4,High
2021,APR,WAYNESBORO,199,423,13959.5,100,2051.7,False,False,70.15,33.0,0.147,1,4,Medium
2021,APR,WINCHESTER,1121,4053,140361.4,129,20587.7,False,False,125.21,34.63,0.147,1,4,Low
2021,FEB,ALBEMARLE,2445,6502,251559.9,55,1045.0,False,False,102.89,38.69,0.004,1,2,Low
2021,FEB,AMHERST,908,2127,75844.9,1401,5697.0,False,False,83.53,35.66,0.075,1,2,Low
2021,FEB,APPOMATTOX,773,1286,31438.1,87,0.0,False,True,40.67,24.45,0.0,1,2,Medium
2021,FEB,AUGUSTA,1569,3749,155319.6,125,1730.5,False,False,98.99,41.43,0.011,1,2,Low
2021,FEB,BATH,269,606,14291.5,0,0.0,False,False,53.13,23.58,0.0,1,2,Medium
2021,FEB,BEDFORD COUNTY,378,769,27297.6,30,0.0,False,False,72.22,35.5,0.0,1,2,Low
2021,FEB,BUCKINGHAM,504,956,22834.9,87,0.0,False,True,45.31,23.89,0.0,1,2,Medium
2021,FEB,BUENA VISTA,300,755,40734.3,87,0.0,False,True,135.78,53.95,0.0,1,2,Low
2021,FEB,CAMPBELL,865,1996,94957.7,5,573.4,False,False,109.78,47.57,0.006,1,2,Low
2021,FEB,CHARLOTTESVILLE,719,8400,45897.6,0,0.0,False,False,63.84,5.46,0.0,1,2,High
2021,FEB,CLARKE COUNTY,177,320,6614.7,0,836.6,False,False,37.37,20.67,0.126,1,2,Medium
2021,FEB,CULPEPER,662,1830,45368.5,87,0.0,False,True,68.53,24.79,0.0,1,2,Medium
2021,FEB,FAUQUIER,588,1531,38329.0,87,0.0,False,True,65.19,25.04,0.0,1,2,Medium
2021,FEB,FLUVANNA,372,929,25658.4,90,1710.0,False,False,68.97,27.62,0.067,1,2,Medium
2021,FEB,FREDERICK,485,1543,34392.6,87,0.0,False,True,70.91,22.29,0.0,1,2,Medium
2021,FEB,GREENE,571,1632,54289.8,87,1923.4,False,True,95.08,33.27,0.035,1,2,Medium
2021,FEB,HARRISONBURG,2550,6112,154093.1,23,8119.2,False,False,60.43,25.21,0.053,1,2,Medium
2021,FEB,HIGHLAND,199,408,9061.0,87,0.0,False,True,45.53,22.21,0.0,1,2,Medium
2021,FEB,LEXINGTON,644,1487,44212.4,87,0.0,False,True,68.65,29.73,0.0,1,2,Medium
2021,FEB,LOUDOUN,3068,16882,132162.9,780,8310.3,False,False,43.08,7.83,0.063,1,2,High
2021,FEB,LYNCHBURG,11149,15773,154530.6,55,21443.1,False,False,13.86,9.8,0.139,1,2,High
2021,FEB,MADISON,163,379,30401.7,87,0.0,False,True,186.51,80.22,0.0,1,2,Low
2021,FEB,NELSON,531,1036,46716.8,87,0.0,False,True,87.98,45.09,0.0,1,2,Low
2021,FEB,ORANGE,655,1469,31880.4,87,0.0,False,True,48.67,21.7,0.0,1,2,Medium
2021,FEB,PAGE COUNTY,455,830,44829.3,0,0.0,False,False,98.53,54.01,0.0,1,2,Low
2021,FEB,PITTSYLVANIA,0,0,0.0,0,0.0,True,False,0.0,0.0,0.0,1,2,Medium
2021,FEB,RAPPAHANNOCK,171,464,14852.5,87,0.0,False,True,86.86,32.01,0.0,1,2,Medium
2021,FEB,ROCKBRIDGE,126,4652,5347.8,87,0.0,False,True,42.44,1.15,0.0,1,2,High
2021,FEB,ROCKINGHAM,1288,2710,66820.6,303,7788.0,False,False,51.88,24.66,0.117,1,2,Medium
2021,FEB,SHENANDOAH,614,1548,76526.4,87,0.0,False,True,124.64,49.44,0.0,1,2,Low
2021,FEB,STAUNTON CITY,394,3381,25627.8,87,242.0,False,True,65.05,7.58,0.009,1,2,High
2021,FEB,WARREN,226,562,23978.3,30,378.4,False,False,106.1,42.67,0.016,1,2,Low
2021,FEB,WAYNESBORO,188,572,13848.9,80,4464.0,False,False,73.66,24.21,0.322,1,2,Medium
2021,FEB,WINCHESTER,1405,4180,96596.3,129,3570.2,False,False,68.75,23.11,0.037,1,2,Medium
2021,JAN,ALBEMARLE,2650,7100,246745.3,55,1654.2,False,False,93.11,34.75,0.007,1,1,Low
2021,JAN,AMHERST,954,2156,88780.9,2117,7763.8,False,False,93.06,41.18,0.087,1,1,Low
2021,JAN,APPOMATTOX,994,1812,39667.0,87,0.0,False,True,39.91,21.89,0.0,1,1,Medium
2021,JAN,AUGUSTA,1866,4822,190862.8,115,3196.5,False,False,102.28,39.58,0.017,1,1,Low
2021,JAN,BATH,282,541,14292.1,0,0.0,False,False,50.68,26.42,0.0,1,1,Medium
2021,JAN,BEDFORD COUNTY,450,899,26776.2,0,0.0,False,False,59.5,29.78,0.0,1,1,Medium
2021,JAN,BUCKINGHAM,816,1544,34659.3,87,0.0,False,True,42.47,22.45,0.0,1,1,Medium
2021,JAN,BUENA VISTA,321,875,35861.2,87,0.0,False,True,111.72,40.98,0.0,1,1,Low
2021,JAN,CAMPBELL,1003,2235,113725.6,5,0.0,False,False,113.39,50.88,0.0,1,1,Low
2021,JAN,CHARLOTTESVILLE,1432,9733,50235.2,0,0.0,False,False,35.08,5.16,0.0,1,1,High
2021,JAN,CLARKE COUNTY,116,254,6255.0,82,1179.1,False,False,53.92,24.63,0.189,1,1,Medium
2021,JAN,CULPEPER,701,1950,59095.2,87,0.0,False,True,84.3,30.31,0.0,1,1,Medium
2021,JAN,FAUQUIER,269,550,36022.1,87,0.0,False,True,133.91,65.49,0.0,1,1,Low
2021,JAN,FLUVANNA,330,933,22271.3,87,3420.0,False,True,67.49,23.87,0.154,1,1,Medium
2021,JAN,FREDERICK,1615,6321,50376.2,87,0.0,False,True,31.19,7.97,0.0,1,1,High
2021,JAN,GREENE,686,2040,57947.3,80,1137.4,False,False,84.47,28.41,0.02,1,1,Medium
2021,JAN,HARRISONBURG,1991,7492,181725.7,213,5995.6,False,False,91.27,24.26,0.033,1,1,Medium
2021,JAN,HIGHLAND,193,405,11132.0,87,0.0,False,True,57.68,27.49,0.0,1,1,Medium
2021,JAN,LEXINGTON,541,1479,42527.7,87,0.0,False,True,78.61,28.75,0.0,1,1,Medium
2021,JAN,LOUDOUN,3657,13579,155927.9,733,18815.3,False,False,42.64,11.48,0.121,1,1,High
2021,JAN,LYNCHBURG,12095,17555,199812.9,0,16846.0,False,False,16.52,11.38,0.084,1,1,High
2021,JAN,MADISON,208,503,35939.6,87,0.0,False,True,172.79,71.45,0.0,1,1,Low
2021,JAN,NELSON,554,1171,48266.7,87,0.0,False,True,87.12,41.22,0.0,1,1,Low
2021,JAN,ORANGE,595,1552,25807.7,87,0.0,False,True,43.37,16.63,0.0,1,1,Medium
2021,JAN,PAGE COUNTY,575,1159,63171.9,87,0.0,False,True,109.86,54.51,0.0,1,1,Low
2021,JAN,PITTSYLVANIA,0,0,0.0,0,0.0,True,False,0.0,0.0,0.0,1,1,Medium
2021,JAN,RAPPAHANNOCK,231,574,20236.3,87,0.0,False,True,87.6,35.25,0.0,1,1,Low
2021,JAN,ROCKBRIDGE,166,3632,7191.6,87,0.0,False,True,43.32,1.98,0.0,1,1,High
2021,JAN,ROCKINGHAM,1563,3402,75718.9,303,8837.0,False,False,48.44,22.26,0.117,1,1,Medium
2021,JAN,SHENANDOAH,896,2266,48053.1,87,0.0,False,True,53.63,21.21,0.0,1,1,High
2021,JAN,STAUNTON CITY,644,1284,25254.9,87,0.0,False,True,39.22,19.67,0.0,1,1,Medium
2021,JAN,WARREN,280,749,33184.1,45,205.2,False,False,118.51,44.3,0.006,1,1,Low
2021,JAN,WAYNESBORO,239,655,19599.6,80,36.0,False,False,82.01,29.92,0.002,1,1,Medium
2021,JAN,WINCHESTER,1290,4024,82623.1,129,996.9,False,False,64.05,20.53,0.012,1,1,High
2021,JUN,ALBEMARLE,1894,5004,177671.9,55,0.0,False,False,93.81,35.51,0.0,1,6,Low
2021,JUN,AMHERST,1085,2380,79983.0,939,0.0,False,False,73.72,33.61,0.0,1,6,Low
2021,JUN,APPOMATTOX,803,1134,27752.5,87,0.0,False,True,34.56,24.47,0.0,1,6,Medium
2021,JUN,AUGUSTA,1478,3494,128816.5,653,13682.4,False,False,87.16,36.87,0.106,1,6,Low
2021,JUN,BATH,260,478,15159.6,87,2673.6,False,True,58.31,31.71,0.176,1,6,Medium
2021,JUN,BEDFORD COUNTY,400,806,48936.3,0,0.0,False,False,122.34,60.72,0.0,1,6,Low
2021,JUN,BUCKINGHAM,647,1017,37660.3,87,0.0,False,True,58.21,37.03,0.0,1,6,Low
2021,JUN,BUENA VISTA,266,679,52575.5,87,0.0,False,True,197.65,77.43,0.0,1,6,Low
2021,JUN,CAMPBELL,987,2117,108594.0,0,0.0,False,False,110.02,51.3,0.0,1,6,Low
2021,JUN,CHARLOTTESVILLE,894,6124,35982.6,477,8771.6,False,False,40.25,5.88,0.244,1,6,High
2021,JUN,CLARKE COUNTY,159,322,6661.8,64,191.8,False,False,41.9,20.69,0.029,1,6,Medium
2021,JUN,CULPEPER,596,1532,45461.0,87,0.0,False,True,76.28,29.67,0.0,1,6,Medium
2021,JUN,FAUQUIER,625,1537,47607.0,87,0.0,False,True,76.17,30.97,0.0,1,6,Medium
2021,JUN,FLUVANNA,346,706,24677.9,87,0.0,False,True,71.32,34.95,0.0,1,6,Low
2021,JUN,FREDERICK,2506,6264,42227.4,87,0.0,False,True,16.85,6.74,0.0,1,6,High
2021,JUN,GREENE,614,1775,83071.5,87,0.0,False,True,135.3,46.8,0.0,1,6,Low
2021,JUN,HARRISONBURG,1893,6500,162582.4,289,11177.1,False,False,85.89,25.01,0.069,1,6,Medium
2021,JUN,HIGHLAND,200,515,16275.7,87,0.0,False,True,81.38,31.6,0.0,1,6,Medium
2021,JUN,LEXINGTON,619,4165,51353.0,87,0.0,False,True,82.96,12.33,0.0,1,6,High
2021,JUN,LOUDOUN,3607,21513,192967.3,2536,24401.5,False,False,53.5,8.97,0.126,1,6,High
2021,JUN,LYNCHBURG,10410,14012,195043.9,4396,90220.8,False,False,18.74,13.92,0.463,1,6,High
2021,JUN,MADISON,207,499,25571.8,87,0.0,False,True,123.54,51.25,0.0,1,6,Low
2021,JUN,NELSON,516,950,47729.3,87,0.0,False,True,92.5,50.24,0.0,1,6,Low
2021,JUN,ORANGE,549,1276,28131.7,87,0.0,False,True,51.24,22.05,0.0,1,6,Medium
2021,JUN,PAGE COUNTY,811,1984,54417.8,0,2041.0,False,False,67.1,27.43,0.038,1,6,Medium
2021,JUN,PITTSYLVANIA,0,0,0.0,0,0.0,True,False,0.0,0.0,0.0,1,6,Medium
2021,JUN,RAPPAHANNOCK,175,421,16942.2,87,0.0,False,True,96.81,40.24,0.0,1,6,Low
2021,JUN,ROCKBRIDGE,82,1660,6932.7,87,0.0,False,True,84.55,4.18,0.0,1,6,Medium
2021,JUN,ROCKINGHAM,1300,2606,73972.4,281,461.0,False,False,56.9,28.39,0.006,1,6,Medium
2021,JUN,SHENANDOAH,872,2020,79073.0,87,0.0,False,True,90.68,39.15,0.0,1,6,Low
2021,JUN,STAUNTON CITY,629,1061,24457.0,87,94.0,False,True,38.88,23.05,0.004,1,6,Medium
2021,JUN,WARREN,319,981,26406.3,38,1028.0,False,False,82.78,26.92,0.039,1,6,Medium
2021,JUN,WAYNESBORO,185,500,16807.9,0,0.0,False,False,90.85,33.62,0.0,1,6,Low
2021,JUN,WINCHESTER,1520,4729,118656.6,59,10293.9,False,False,78.06,25.09,0.087,1,6,Medium
2021,MAR,ALBEMARLE,2109,5412,243316.1,0,1912.6,False,False,115.37,44.96,0.008,1,3,Low
2021,MAR,AMHERST,1079,2529,95431.3,2076,1760.0,False,False,88.44,37.73,0.018,1,3,Low
2021,MAR,APPOMATTOX,1149,1786,33293.8,87,0.0,False,True,28.98,18.64,0.0,1,3,High
2021,MAR,AUGUSTA,1658,3920,190388.2,61,3168.8,False,False,114.83,48.57,0.017,1,3,Low
2021,MAR,BATH,292,508,20580.7,92,2012.3,False,False,70.48,40.51,0.098,1,3,Low
2021,MAR,BEDFORD COUNTY,494,964,31332.8,29,0.0,False,False,63.43,32.5,0.0,1,3,Medium
2021,MAR,BUCKINGHAM,771,1424,36631.6,87,0.0,False,True,47.51,25.72,0.0,1,3,Medium
2021,MAR,BUENA VISTA,524,1020,59300.8,87,0.0,False,True,113.17,58.14,0.0,1,3,Low
2021,MAR,CAMPBELL,956,2120,119189.8,5,1165.1,False,False,124.68,56.22,0.01,1,3,Low
2021,MAR,CHARLOTTESVILLE,961,9497,49059.2,0,7734.5,False,False,51.05,5.17,0.158,1,3,High
2021,MAR,CLARKE COUNTY,169,337,12030.4,64,810.0,False,False,71.19,35.7,0.067,1,3,Low
2021,MAR,CULPEPER,640,1528,50117.1,87,0.0,False,True,78.31,32.8,0.0,1,3,Medium
2021,MAR,FAUQUIER,716,1710,40396.7,87,0.0,False,True,56.42,23.62,0.0,1,3,Medium
2021,MAR,FLUVANNA,572,1371,24474.7,90,3717.7,False,False,42.79,17.85,0.152,1,3,Medium
2021,MAR,FREDERICK,3086,6581,47390.0,87,0.0,False,True,15.36,7.2,0.0,1,3,High
2021,MAR,GREENE,611,1719,69445.8,74,1567.6,False,False,113.66,40.4,0.023,1,3,Low
2021,MAR,HARRISONBURG,1786,7094,203767.3,270,40296.5,False,False,114.09,28.72,0.198,1,3,Medium
2021,MAR,HIGHLAND,238,462,14746.9,87,0.0,False,True,61.96,31.92,0.0,1,3,Medium
2021,MAR,LEXINGTON,430,1233,44664.8,87,0.0,False,True,103.87,36.22,0.0,1,3,Low
2021,MAR,LOUDOUN,2380,25522,250112.5,485,11445.6,False,False,105.09,9.8,0.046,1,3,High
2021,MAR,LYNCHBURG,12524,18094,237429.4,1084,30691.4,False,False,18.96,13.12,0.129,1,3,High
2021,MAR,MADISON,216,465,33158.2,87,0.0,False,True,153.51,71.31,0.0,1,3,Low
2021,MAR,NELSON,489,941,61216.1,87,0.0,False,True,125.19,65.05,0.0,1,3,Low
2021,MAR,ORANGE,608,1360,41920.2,87,0.0,False,True,68.95,30.82,0.0,1,3,Medium
2021,MAR,PAGE COUNTY,481,850,49593.4,105,2203.3,False,False,103.1,58.35,0.044,1,3,Low
2021,MAR,PITTSYLVANIA,0,0,0.0,0,0.0,True,False,0.0,0.0,0.0,1,3,Medium
2021,MAR,RAPPAHANNOCK,206,517,16740.8,87,0.0,False,True,81.27,32.38,0.0,1,3,Medium
2021,MAR,ROCKBRIDGE,108,5305,5587.5,87,0.0,False,True,51.74,1.05,0.0,1,3,High
2021,MAR,ROCKINGHAM,1522,3481,97314.2,606,10182.7,False,False,63.94,27.96,0.105,1,3,Medium
2021,MAR,SHENANDOAH,959,2371,111057.5,87,0.0,False,True,115.81,46.84,0.0,1,3,Low
2021,MAR,STAUNTON CITY,354,4015,43439.7,87,0.0,False,True,122.71,10.82,0.0,1,3,High
2021,MAR,WARREN,223,555,32801.1,40,1306.7,False,False,147.09,59.1,0.04,1,3,Low
2021,MAR,WAYNESBORO,287,644,18659.0,155,4443.8,False,False,65.01,28.97,0.238,1,3,Medium
2021,MAR,WINCHESTER,1607,5023,163031.6,129,4477.7,False,False,101.45,32.46,0.027,1,3,Medium
2021,MAY,ALBEMARLE,1804,4528,165983.3,55,0.0,False,False,92.01,36.66,0.0,1,5,Low
2021,MAY,AMHERST,1002,2284,94560.2,1437,1926.0,False,False,94.37,41.4,0.02,1,5,Low
2021,MAY,APPOMATTOX,860,1358,21810.8,87,0.0,False,True,25.36,16.06,0.0,1,5,Medium
2021,MAY,AUGUSTA,1328,3218,133385.4,32,2088.2,False,False,100.44,41.45,0.016,1,5,Low
2021,MAY,BATH,247,437,18729.0,96,1650.3,False,False,75.83,42.86,0.088,1,5,Low
2021,MAY,BEDFORD COUNTY,364,701,30652.3,87,0.0,False,True,84.21,43.73,0.0,1,5,Low
2021,MAY,BUCKINGHAM,676,1069,38605.3,87,0.0,False,True,57.11,36.11,0.0,1,5,Low
2021,MAY,BUENA VISTA,257,687,44153.8,87,0.0,False,True,171.8,64.27,0.0,1,5,Low
2021,MAY,CAMPBELL,906,2015,101905.5,87,0.0,False,True,112.48,50.57,0.0,1,5,Low
2021,MAY,CHARLOTTESVILLE,831,6313,29714.7,87,0.0,False,True,35.76,4.71,0.0,1,5,High
2021,MAY,CLARKE COUNTY,109,254,5856.2,62,842.3,False,False,53.73,23.06,0.144,1,5,Medium
2021,MAY,CULPEPER,547,1226,46543.2,87,0.0,False,True,85.09,37.96,0.0,1,5,Low
2021,MAY,FAUQUIER,595,1389,34668.5,87,0.0,False,True,58.27,24.96,0.0,1,5,Medium
2021,MAY,FLUVANNA,334,600,33320.6,90,1898.1,False,False,99.76,55.53,0.057,1,5,Low
2021,MAY,FREDERICK,223,1136,34392.7,87,0.0,False,True,154.23,30.28,0.0,1,5,Medium
2021,MAY,GREENE,567,1532,59901.9,72,595.0,False,False,105.65,39.1,0.01,1,5,Low
2021,MAY,HARRISONBURG,1562,5676,134206.8,90,4791.1,False,False,85.92,23.64,0.036,1,5,Medium
2021,MAY,HIGHLAND,229,429,13506.1,87,0.0,False,True,58.98,31.48,0.0,1,5,Medium
2021,MAY,LEXINGTON,552,1263,34219.0,87,0.0,False,True,61.99,27.09,0.0,1,5,Medium
2021,MAY,LOUDOUN,4548,22103,227387.7,1028,15992.0,False,False,50.0,10.29,0.07,1,5,High
2021,MAY,LYNCHBURG,3288,15011,197896.6,1396,13572.9,False,False,60.19,13.18,0.069,1,5,High
2021,MAY,MADISON,173,406,36409.7,87,0.0,False,True,210.46,89.68,0.0,1,5,Low
2021,MAY,NELSON,548,974,57434.3,87,0.0,False,True,104.81,58.97,0.0,1,5,Low
2021,MAY,ORANGE,537,1203,30810.1,87,0.0,False,True,57.37,25.61,0.0,1,5,Medium
2021,MAY,PAGE COUNTY,341,715,34082.3,50,1101.7,False,False,99.95,47.67,0.032,1,5,Low
2021,MAY,PITTSYLVANIA,0,0,0.0,0,0.0,True,False,0.0,0.0,0.0,1,5,Medium
2021,MAY,RAPPAHANNOCK,165,356,12419.1,87,0.0,False,True,75.27,34.89,0.0,1,5,Low
2021,MAY,ROCKBRIDGE,128,5680,4581.9,87,0.0,False,True,35.8,0.81,0.0,1,5,High
2021,MAY,ROCKINGHAM,1350,2689,112446.8,303,6134.2,False,False,83.29,41.82,0.055,1,5,Low
2021,MAY,SHENANDOAH,707,1743,54849.8,87,0.0,False,True,77.58,31.47,0.0,1,5,Medium
2021,MAY,STAUNTON CITY,309,665,15308.8,87,454.0,False,True,49.54,23.02,0.03,1,5,Medium
2021,MAY,WARREN,759,3245,34285.5,23,0.0,False,False,45.17,10.57,0.0,1,5,High
2021,MAY,WAYNESBORO,157,348,13278.3,0,2203.3,False,False,84.58,38.16,0.166,1,5,Low
2021,MAY,WINCHESTER,1344,3907,132881.2,140,3411.8,False,False,98.87,34.01,0.026,1,5,Low
