Year,Month,Locality,Households Served,Individuals Served,Pounds of Food Distributed,Children Served via non-federal child nutrition programs,Pounds of food distributed via non-federal child nutrition prog.
2020,SEP,PITTSYLVANIA,,,0,0,0
2019,APR,ALBEMARLE,2866,6403,177361.59853999998,115.00000000000001,1929.7
2019,APR,AMHERST,1041,2466,120660.05257999999,524,0
2019,APR,APPOMATTOX,827,1204,30915.219800000003,,0
2019,APR,AUGUSTA,2880,7272,310195.12883000006,71,1998
2019,APR,BATH,259,485,16254.525699999998,,0
2019,APR,BEDFORD COUNTY,430,932,15695.98968,,0
2019,APR,BUCKINGHAM,957,1861,36084.05874,,0
2019,APR,BUENA VISTA,917,1763,24928.62981,,0
2019,APR,CAMPBELL,810,1458,73045.21908999998,,5802
2019,APR,CHARLOTTESVILLE,1450,3069,45248.952990000005,0,0
2019,APR,CLARKE COUNTY,207,387,13060.437460000001,,0
2019,APR,CULPEPER,386.99999999999994,927,34044.36538,,0
2019,APR,FAUQUIER,772,1635,67229.35608,,0
2019,APR,FLUVANNA,510,1135,26466.347749999997,99.00000000000001,2552
2019,APR,FREDERICK,2214,4390,55299.53247999999,,0
2019,APR,GREENE,440,998,31453.953540000002,77,720
2019,APR,HARRISONBURG,2797,7769,160511.35404,0,800
2019,APR,HIGHLAND,199,367,14835.831730000002,,0
2019,APR,LEXINGTON,678,1362,36057.768169999996,,0
2019,APR,LOUDOUN,2279,8311,178266.68538000004,1124,18366.4
2019,APR,LYNCHBURG,7427,10605,138029.91183,450,23357.3
2019,APR,MADISON,219,497,22589.59556,,0
2019,APR,NELSON,598,1132,40104.56418,,0
2019,APR,ORANGE,539,1367,41727.534,,0
2019,APR,PAGE COUNTY,318,629,43968.0245,,0
2019,APR,PITTSYLVANIA,,,0,87,2140.2000000000003
2019,APR,RAPPAHANNOCK,271,654,17087.111060000003,,0
2019,APR,ROCKBRIDGE,2647,3090,15194.373160000001,,0
2019,APR,ROCKINGHAM,1603,2964,95392.48666,,0
2019,APR,SHENANDOAH,1482,3863,109753.97362,,0
2019,APR,STAUNTON CITY,481,5228,29005.123259999997,,811
2019,APR,WARREN,716,2189,43495.53326,278,205.3
2019,APR,WAYNESBORO,640,1087,15243.51796,,7807.5
2019,APR,WINCHESTER,2778,7659,139327.11568000002,220,6856
2019,AUG,ALBEMARLE,2486,6370,187384.638,0,0
2019,AUG,AMHERST,1169,2338,109323.69300000001,530,3587.5
2019,AUG,APPOMATTOX,658,2125,23352.201999999997,,0
2019,AUG,AUGUSTA,3111,8176,291585.07174999994,36,0
2019,AUG,BATH,304,536,14809.75966,,0
2019,AUG,BEDFORD COUNTY,492,1426,25988.3925,,0
2019,AUG,BUCKINGHAM,930,1880,36178.52,,0
2019,AUG,BUENA VISTA,874,1335,33041.433699999994,,0
2019,AUG,CAMPBELL,1007,2262,90570.12395,,3643.8
2019,AUG,CHARLOTTESVILLE,601,7044,41166.018000000004,0,243.5
2019,AUG,CLARKE COUNTY,168,338,12149.085,0,0
2019,AUG,CULPEPER,661,1491,33035.4432,,0
2019,AUG,FAUQUIER,878,2001.0000000000002,68727.06,,0
2019,AUG,FLUVANNA,602,1238,33053.2725,0,0
2019,AUG,FREDERICK,3267,5281,54522.05900000001,,0
2019,AUG,GREENE,396,1150,43821.54849999999,0,0
2019,AUG,HARRISONBURG,2796,7565,150610.1759,49,4175.5
2019,AUG,HIGHLAND,201,371,8876.5,,0
2019,AUG,LEXINGTON,704,1594,42186.67429,,0
2019,AUG,LOUDOUN,2692,9043,185850.51840000003,0,8712.5
2019,AUG,LYNCHBURG,2339,10020,180785.40370000002,2344,14888.9
2019,AUG,MADISON,286,662,26597.195,,0
2019,AUG,NELSON,562,1038,37756.97945,,0
2019,AUG,ORANGE,603,1566,46913.592000000004,,0
2019,AUG,PAGE COUNTY,278,605,59430.005000000005,,0
2019,AUG,PITTSYLVANIA,,,0,85,1209.2
2019,AUG,RAPPAHANNOCK,245,782,16711.25,,0
2019,AUG,ROCKBRIDGE,1456,1798,8309.356749999999,,0
2019,AUG,ROCKINGHAM,1688,3205,90367.3177,,0
2019,AUG,SHENANDOAH,1200,3137,100233.38561999999,,0
2019,AUG,STAUNTON CITY,434,5773,19582.725,,918
2019,AUG,WARREN,982,2357,45337.544,300,403.5
2019,AUG,WAYNESBORO,387,833,18091.75033,,4226.5
2019,AUG,WINCHESTER,3033,8315,174382.87,0,107
2019,DEC,ALBEMARLE,2300,6127,160619.90483999997,94,1336
2019,DEC,AMHERST,1084,2738,117014.84510000002,1296,0
2019,DEC,APPOMATTOX,1481,2238,27993.047599999998,,0
2019,DEC,AUGUSTA,3381,9137,279124.6736000001,70,958.4
2019,DEC,BATH,249,444,13237.265,,0
2019,DEC,BEDFORD COUNTY,494,2174,22527.625,,0
2019,DEC,BUCKINGHAM,540,952,24975.8808,,0
2019,DEC,BUENA VISTA,692,1446,26314.2346,,0
2019,DEC,CAMPBELL,1130,2055,91554.67819999998,,5205.5
2019,DEC,CHARLOTTESVILLE,1133,7164,57111.07620000001,0,0
2019,DEC,CLARKE COUNTY,194,330,7341.367199999999,0,914.6
2019,DEC,CULPEPER,549,1338,37657.722200000004,,0
2019,DEC,FAUQUIER,859,1939,38118.119399999996,,0
2019,DEC,FLUVANNA,261,560,14542.815200000001,133,1773
2019,DEC,FREDERICK,2594,5760,50030.339199999995,,0
2019,DEC,GREENE,597,1490,46129.717999999986,86,1170
2019,DEC,HARRISONBURG,2149,7023,161137.7814,430,2886.7999999999997
2019,DEC,HIGHLAND,201,370,8464.644,,0
2019,DEC,LEXINGTON,666,1334,32637.52925,,0
2019,DEC,LOUDOUN,4170,9191,125867.0596,1090,11434.800039999998
2019,DEC,LYNCHBURG,2242,8578,147826.2882,1717.0000000000002,17209.75
2019,DEC,MADISON,277,647,31242.284,,0
2019,DEC,NELSON,602,1189,46143.610210000006,,0
2019,DEC,ORANGE,593,1546,49587.1348,,0
2019,DEC,PAGE COUNTY,416,806,24047.8228,,0
2019,DEC,PITTSYLVANIA,,,0,78,1858.5
2019,DEC,RAPPAHANNOCK,306,769,22955.186999999998,,0
2019,DEC,ROCKBRIDGE,2422,2817,14814.51,,0
2019,DEC,ROCKINGHAM,1994,4002,62175.058600000004,,0
2019,DEC,SHENANDOAH,1269,3358,68084.245,,0
2019,DEC,STAUNTON CITY,370,5347,20601.331000000002,,442
2019,DEC,WARREN,624,1804,28625.802,186,352
2019,DEC,WAYNESBORO,799,1348,19178.657000000003,164,7339.200000000001
2019,DEC,WINCHESTER,2532,7374,116568.4046,2678,2741.3000500000003
2019,FEB,ALBEMARLE,2206,6475,184176.5692,116,1926
2019,FEB,AMHERST,960,2249,92875.09715999999,509.00000000000006,360
2019,FEB,APPOMATTOX,798,1280,31341.31538,,0
2019,FEB,AUGUSTA,2371,6500,247776.77174,107,1918
2019,FEB,BATH,85,248,18500.125720000004,,0
2019,FEB,BEDFORD COUNTY,300,780,16801.43986,,0
2019,FEB,BUCKINGHAM,711,1663,39613.47840000001,,0
2019,FEB,BUENA VISTA,651,1147,25009.682020000004,,0
2019,FEB,CAMPBELL,839,1880,82731.77746000001,229,2245.5
2019,FEB,CHARLOTTESVILLE,2880,8829,39276.17310000001,0,0
2019,FEB,CLARKE COUNTY,187,365,17524.57,,0
2019,FEB,CULPEPER,515,1816,35681.62442,,0
2019,FEB,FAUQUIER,882,2128,58462.222,,0
2019,FEB,FLUVANNA,314,788,19522.2392,100.99999999999999,2992.5
2019,FEB,FREDERICK,2058,4086,55187.89634000001,,0
2019,FEB,GREENE,296,796,25102.436299999994,53,1227
2019,FEB,HARRISONBURG,1793,6207,130142.84986,144,502.3
2019,FEB,HIGHLAND,46,130,1336.377,,0
2019,FEB,LEXINGTON,462,1224,43619.33755999999,,0
2019,FEB,LOUDOUN,2139,7941,138984.56420000002,1144,14778.699999999999
2019,FEB,LYNCHBURG,1807,8411,146494.16254,929,22304.9
2019,FEB,MADISON,240,574,21064.606,,0
2019,FEB,NELSON,469,1126,34607.395619999996,,0
2019,FEB,ORANGE,462,1406,34710.2112,,0
2019,FEB,PAGE COUNTY,201.99999999999997,630,29889.720800000003,,0
2019,FEB,PITTSYLVANIA,,,0,86,2102.9
2019,FEB,RAPPAHANNOCK,225,682,20010.4065,,0
2019,FEB,ROCKBRIDGE,419,2143,20190.22296,,0
2019,FEB,ROCKINGHAM,1023,2654,84064.18718,,0
2019,FEB,SHENANDOAH,915,2218,69063.59999999999,,0
2019,FEB,STAUNTON CITY,617,5382,24711.640600000002,,601
2019,FEB,WARREN,972,2525,33891.0931,44,0
2019,FEB,WAYNESBORO,626,1158,17149.2314,354,7350.099999999999
2019,FEB,WINCHESTER,3106,8276,105829.11985999999,224,4201.7
2019,JAN,ALBEMARLE,2391,6992,184373.45800000007,116,2834
2019,JAN,AMHERST,587,1790,105231.74,511,5185
2019,JAN,APPOMATTOX,712,1135,25594.836000000003,,0
2019,JAN,AUGUSTA,2564,6877,322269.58800000005,108,1184.6
2019,JAN,BATH,114,292,12831.566,,0
2020,OCT,PITTSYLVANIA,,,0,0,0
2019,JAN,BEDFORD COUNTY,326,702,19900.224,,0
2019,JAN,BUCKINGHAM,706,1487,33851.25,,0
2019,JAN,BUENA VISTA,607,1007,26104.946,,0
2019,JAN,CAMPBELL,821,1669.9999999999998,102514.81,130,7094
2019,JAN,CHARLOTTESVILLE,3184,9776,39766.03,0,0
2019,JAN,CLARKE COUNTY,220,429,16822.224000000002,,0
2019,JAN,CULPEPER,551,1887,31300.1,,0
2019,JAN,FAUQUIER,876,2071,56189.37,,0
2019,JAN,FLUVANNA,440,1051,29638.5,100.99999999999999,4176.5
2019,JAN,FREDERICK,2088,4353,45977.007999999994,,0
2019,JAN,GREENE,332,866,38189.246,53,979.6
2019,JAN,HARRISONBURG,1784,6129,166284.702,42,704.5
2019,JAN,HIGHLAND,51,141,3897.5,,0
2019,JAN,LEXINGTON,583,1329,46193.56999999999,,0
2019,JAN,LOUDOUN,2787,10345,160525.27800000002,1190,19313.3
2019,JAN,LYNCHBURG,5294,9104,138967.17509999996,893,23669.5
2019,JAN,MADISON,300,663,22473.28,,0
2019,JAN,NELSON,461,1078,35154.44,,0
2019,JAN,ORANGE,425,1219,48414.8,,0
2019,JAN,PAGE COUNTY,166,536,54332.27,,0
2019,JAN,PITTSYLVANIA,,,0,84,2801.7
2019,JAN,RAPPAHANNOCK,216,602,18464.37,,0
2019,JAN,ROCKBRIDGE,375,2084,20098.629999999997,,0
2019,JAN,ROCKINGHAM,1172,2723,90159.025,,0
2019,JAN,SHENANDOAH,871,2272,90335.54,,0
2019,JAN,STAUNTON CITY,554,6073,27789.998,,769
2019,JAN,WARREN,444,2177,42793.8565,60,558.5
2019,JAN,WAYNESBORO,651,1322,19598.858,140,7769.6
2019,JAN,WINCHESTER,3168,8676,128595.09999999999,194,5173.2
2019,JUL,ALBEMARLE,2485,6524,171660.8236,0,0
2019,JUL,AMHERST,1282,2470,100339.531,,0
2019,JUL,APPOMATTOX,1808,2593,21137.037999999997,,-112
2019,JUL,AUGUSTA,3058,7933,301790.83485999994,20,0
2019,JUL,BATH,236,529,12566.994999999999,,0
2019,JUL,BEDFORD COUNTY,405,839,15977.975,,0
2019,JUL,BUCKINGHAM,902,1710,39475.5525,,0
2019,JUL,BUENA VISTA,1047,1890,20915.631279999998,,0
2019,JUL,CAMPBELL,862,1881,76184.42000000001,0,720
2019,JUL,CHARLOTTESVILLE,656,7529,45411.126050000006,,895
2019,JUL,CLARKE COUNTY,168,337,9693.36505,0,0
2019,JUL,CULPEPER,733,1946,36245.31525,,0
2019,JUL,FAUQUIER,828,1491,53069.792700000005,,0
2019,JUL,FLUVANNA,438,917,26945.75,0,0
2019,JUL,FREDERICK,2812,4738,54926.86825,,0
2019,JUL,GREENE,401,992,36311.24080000001,,0
2019,JUL,HARRISONBURG,2775,9217,168550.37428000002,112,6851.5
2019,JUL,HIGHLAND,186,337,7949.65,,0
2019,JUL,LEXINGTON,739,1578,35147.14303000001,,0
2019,JUL,LOUDOUN,2447,9073,174369.05680000002,1180,3794
2019,JUL,LYNCHBURG,8373,12745,165736.14099999997,0,12591.119999999999
2019,JUL,MADISON,281,647,20538.40985,,0
2019,JUL,NELSON,607,1082,34667.05,,726.13
2019,JUL,ORANGE,443,1307,42258.201799999995,,0
2019,JUL,PAGE COUNTY,365,808,46036.79125,,0
2019,JUL,PITTSYLVANIA,,,0,0,0
2019,JUL,RAPPAHANNOCK,270,680,18062.390000000003,,0
2019,JUL,ROCKBRIDGE,1999.9999999999998,2315,16532.1983,,493
2019,JUL,ROCKINGHAM,1825,3572,77027.99958,,0
2019,JUL,SHENANDOAH,1545,4049,81280.92024999998,,0
2019,JUL,STAUNTON CITY,501,5668,22947.71806,,432
2019,JUL,WARREN,1199,2900,46074.10675,0,169
2019,JUL,WAYNESBORO,197,519,12606.011709999999,0,978
2019,JUL,WINCHESTER,1665,8679,151019.37800000003,0,1709
2019,JUN,ALBEMARLE,2478,6395,174420.28204999998,0,0
2019,JUN,AMHERST,735,2354,94033.5965,0,0
2019,JUN,APPOMATTOX,703,1121,19970.329899999997,,1619
2019,JUN,AUGUSTA,2681,7116,280711.05257999996,485.99999999999994,12985.1
2019,JUN,BATH,250,507,14998.275,,0
2019,JUN,BEDFORD COUNTY,311,910,19824.594999999998,,0
2019,JUN,BUCKINGHAM,911,1738,38259.721000000005,,0
2019,JUN,BUENA VISTA,973,1683,28381.161299999996,,0
2019,JUN,CAMPBELL,878,2248,83619.47360000001,0,1048.5
2019,JUN,CHARLOTTESVILLE,627,3612,43889.55322000001,,11952.4
2019,JUN,CLARKE COUNTY,199,394,15339.525,,0
2019,JUN,CULPEPER,332,683,26901.95,,0
2019,JUN,FAUQUIER,843,1578,44729.903,,0
2019,JUN,FLUVANNA,516,1058,34807.1618,0,0
2019,JUN,FREDERICK,2180,4165,49203.195,,0
2019,JUN,GREENE,363,881,29656.4413,,0
2019,JUN,HARRISONBURG,2172,7499,124007.26378000001,145,11747.5
2019,JUN,HIGHLAND,222,417,9017,,0
2019,JUN,LEXINGTON,620,1426,31956.04252,,0
2019,JUN,LOUDOUN,1988,7245,147677.70095000003,1380,31047.899999999998
2019,JUN,LYNCHBURG,6281,12239,141193.41010000004,4853,15063.25
2019,JUN,MADISON,0,0,26792.55695,,0
2019,JUN,NELSON,558,995,27198.8027,,75
2019,JUN,ORANGE,594,1491,48098.1445,,0
2019,JUN,PAGE COUNTY,321,714,38282.504,,0
2019,JUN,PITTSYLVANIA,,,0,0,0
2019,JUN,RAPPAHANNOCK,273,653,15396.478099999998,,0
2019,JUN,ROCKBRIDGE,1296,1662,15498.6983,,375
2019,JUN,ROCKINGHAM,1235,3337,80512.87299999999,,0
2019,JUN,SHENANDOAH,877,2383,98578.79,,0
2019,JUN,STAUNTON CITY,480,5367,22940.346559999998,,1135.5
2019,JUN,WARREN,938,2244,39248.13485,0,0
2019,JUN,WAYNESBORO,211,601,18473.73244,,3903
2019,JUN,WINCHESTER,2372,7428,123381.32500000001,0,6186
2019,MAR,ALBEMARLE,2572,6150,151880.28534000003,115.00000000000001,3012.9
2019,MAR,AMHERST,1098,2058,114235.73800000001,632,10176
2019,MAR,APPOMATTOX,888,1299,27300.628979999998,,0
2019,MAR,AUGUSTA,2659,6456,293694.82510000013,383,1256
2019,MAR,BATH,278,545,19272.265939999997,,0
2019,MAR,BEDFORD COUNTY,374,770,15751.09566,,0
2019,MAR,BUCKINGHAM,944,1663,43928.75,,0
2019,MAR,BUENA VISTA,878,1625,28605.5902,,0
2019,MAR,CAMPBELL,852,1646,79658.04976,130,5269.7
2019,MAR,CHARLOTTESVILLE,3550,9150,38268.442319999995,0,110
2019,MAR,CLARKE COUNTY,231,413,11504.76884,,0
2019,MAR,CULPEPER,628,1688,25430.540420000005,,0
2019,MAR,FAUQUIER,980,2008,43276.93932,,0
2019,MAR,FLUVANNA,343,650,29181.5,100.99999999999999,1530
2019,MAR,FREDERICK,2324,4281.999999999999,44616.74422,,0
2019,MAR,GREENE,314,793,35786.97463999999,77,1307.5
2019,MAR,HARRISONBURG,2043,6915,128426.44982000001,111.00000000000001,0
2019,MAR,HIGHLAND,171,335,11454,,0
2019,MAR,LEXINGTON,684,1316,26595.03502,,0
2019,MAR,LOUDOUN,2481,8631,152879.64236,1124,18157.800000000003
2019,MAR,LYNCHBURG,4688,7559,127409.45423999998,930,15053.199999999999
2019,MAR,MADISON,241,567,22697.80762,,0
2019,MAR,NELSON,614,1173,38851.75724,,0
2019,MAR,ORANGE,655,1302,48251.0274,,0
2019,MAR,PAGE COUNTY,329,625,39416.772899999996,,0
2019,MAR,PITTSYLVANIA,,,0,,2056
2019,MAR,RAPPAHANNOCK,287,713,17136.12972,,0
2019,MAR,ROCKBRIDGE,286,1778,14126.48246,,0
2019,MAR,ROCKINGHAM,1722,3249,84559.77428,,0
2019,MAR,SHENANDOAH,1136,2989,67732.06550000001,,0
2019,MAR,STAUNTON CITY,580,5060,26291.115979999995,,889
2019,MAR,WARREN,775,2193,41469.92802000001,0,462
2019,MAR,WAYNESBORO,634,1054,15329.1927,134,7347.5
2019,MAR,WINCHESTER,4325,9390,109670.5629,224,4772.5
2019,MAY,ALBEMARLE,2417,6457,156918.64289,111.00000000000001,2242
2019,MAY,AMHERST,1131,2353,125046.9328,636,0
2019,MAY,APPOMATTOX,767,1141,29100.4,,3347
2019,MAY,AUGUSTA,2799,6976,292131.54096,71,5529.9
2019,MAY,BATH,257,513,14979.364050000002,,0
2019,MAY,BEDFORD COUNTY,394,874,26121.636,,0
2019,MAY,BUCKINGHAM,895,1625,36202.500029999996,,0
2019,MAY,BUENA VISTA,680,1292,28518.465910000003,,0
2019,MAY,CAMPBELL,851,1830,129811.58292000002,,1051.5
2019,MAY,CHARLOTTESVILLE,920,2676,42591.029310000005,0,4539
2019,MAY,CLARKE COUNTY,202,411.00000000000006,17143.11815,,0
2019,MAY,CULPEPER,478,1274,37736.78568,,0
2019,MAY,FAUQUIER,882,2041.0000000000002,58785.24005,,0
2019,MAY,FLUVANNA,507,1108,26796,96,1079
2019,MAY,FREDERICK,2466,4437,49574.08425000001,,0
2019,MAY,GREENE,395,967,41794.32255,76,135
2019,MAY,HARRISONBURG,2438,8016,149768.98561,91,52
2019,MAY,HIGHLAND,194,365,8947,,0
2019,MAY,LEXINGTON,658,1359,38508.6628,,0
2019,MAY,LOUDOUN,2460,8530,187189.10809999998,1079,21667.1
2019,MAY,LYNCHBURG,2891,6287,180407.44022,2468,16352.050000000001
2019,MAY,MADISON,292,525,28137.697079999998,,0
2019,MAY,NELSON,385,634,42041.95,,1299
2019,MAY,ORANGE,525,1325,53910.73727,,0
2019,MAY,PAGE COUNTY,362,756,32065.32025,,0
2019,MAY,PITTSYLVANIA,,,0,86,763.5
2019,MAY,RAPPAHANNOCK,255.00000000000003,555,21284.1927,,0
2019,MAY,ROCKBRIDGE,2582,2922,13338.445399999999,,0
2019,MAY,ROCKINGHAM,1929,3695,94080.31415,,0
2019,MAY,SHENANDOAH,852,2312,93195.64024000001,,0
2019,MAY,STAUNTON CITY,495,5612,23044.72512,,1008
2019,MAY,WARREN,735,2181,45997.8354,270,425
2019,MAY,WAYNESBORO,178,559,10293.965200000002,,6270.5
2019,MAY,WINCHESTER,3058,7915,161823.42699999997,224,4418.7
2019,NOV,ALBEMARLE,3193,8245,153363.00749000002,95.00000000000001,2437
2019,NOV,AMHERST,1510,4042.9999999999995,112351.03100000002,2251,6354
2019,NOV,APPOMATTOX,1333,2045.9999999999998,25184.012400000003,,0
2019,NOV,AUGUSTA,3311,8537,297845.03609999997,72,959.4
2019,NOV,BATH,279,577,16887.5925,,0
2019,NOV,BEDFORD COUNTY,392,650,23741.9925,,0
2019,NOV,BUCKINGHAM,998,1871,35055.83489,,0
2019,NOV,BUENA VISTA,771,1476,32302.644800000005,,0
2019,NOV,CAMPBELL,1338,3136,87804.29705,,5369.5
2019,NOV,CHARLOTTESVILLE,1184,8989,47194.42575,0,0
2019,NOV,CLARKE COUNTY,197,411,5803.8596,0,202
2019,NOV,CULPEPER,602,1494,32438.755150000005,,0
2019,NOV,FAUQUIER,943,2394,35265.8474,,0
2019,NOV,FLUVANNA,474,953,20265.426570000003,132,3071
2019,NOV,FREDERICK,2743,7386,61524.005799999984,,0
2019,NOV,GREENE,536,1354,44019.570750000006,86,1422
2019,NOV,HARRISONBURG,1960,6421,131120.85580000002,243,879
2019,NOV,HIGHLAND,206,384,10963.29402,,0
2019,NOV,LEXINGTON,744,1678,58952.53999999999,,0
2019,NOV,LOUDOUN,2800,9814,164653.39575,1090,12150.5
2019,NOV,LYNCHBURG,2742,10999,193368.37964999996,3303,25601.875
2019,NOV,MADISON,332,806,31845.4804,,0
2019,NOV,NELSON,657,1349,39838.6156,,0
2019,NOV,ORANGE,675,1734,38586.7051,,0
2019,NOV,PAGE COUNTY,282,485,49068.681699999994,,0
2019,NOV,PITTSYLVANIA,,,0,80,2329
2019,NOV,RAPPAHANNOCK,455,1146,22705.050099999997,,0
2019,NOV,ROCKBRIDGE,401,4416,21651.975000000002,,0
2019,NOV,ROCKINGHAM,1868,3886,85871.41404000002,,0
2019,NOV,SHENANDOAH,1525,4059,97820.16340000002,,0
2019,NOV,STAUNTON CITY,413,5663,28183.889999999996,,280
2019,NOV,WARREN,811,2428,32589.4012,310,79
2019,NOV,WAYNESBORO,407,1498,25006.5732,164,5712.200000000001
2019,NOV,WINCHESTER,2636,8348,137816.0874,2678,21709.6
2019,OCT,ALBEMARLE,2370,6315,189254.27499999994,95.00000000000001,2587
2019,OCT,AMHERST,691,1809,101807.168,1199,3256.5
2019,OCT,APPOMATTOX,909,1258,32786.816,,0
2019,OCT,AUGUSTA,3202,8168,304383.7721,72,1227.9
2019,OCT,BATH,275,540,13737,,0
2019,OCT,BEDFORD COUNTY,290,535,20972.02075,,0
2019,OCT,BUCKINGHAM,931,1736,42729.57795,,0
2019,OCT,BUENA VISTA,989,1856,43296.49599999999,,0
2019,OCT,CAMPBELL,1048,2345,115689.40600000002,,4785.7
2019,OCT,CHARLOTTESVILLE,603,8547,47534.289,0,0
2019,OCT,CLARKE COUNTY,172,324,7319.875999999998,0,0
2019,OCT,CULPEPER,819,1903,33057.148,,0
2019,OCT,FAUQUIER,673,1515,42593.5445,,0
2019,OCT,FLUVANNA,437,974,26741.3229,127.00000000000001,4576
2019,OCT,FREDERICK,2868,5149,56660.417,,0
2019,OCT,GREENE,246,494,40943.04809999999,76,547
2019,OCT,HARRISONBURG,2673,9398,163819.81600000002,279,1975.5
2019,OCT,HIGHLAND,210,424,7407.26,,0
2019,OCT,LEXINGTON,729,1591,75141.08499999999,,0
2019,OCT,LOUDOUN,1128,4549,174152.1075,1140,27341.9
2019,OCT,LYNCHBURG,1220,6570,181732.54349999997,4224,32005.1
2019,OCT,MADISON,225,511,26967.02,,0
2019,OCT,NELSON,317,511,36631.716,,0
2019,OCT,ORANGE,646,1099,45320.34879999999,,0
2019,OCT,PAGE COUNTY,353,741,61635.059,,0
2019,OCT,PITTSYLVANIA,,,0,80,2203.4
2019,OCT,RAPPAHANNOCK,171,445.00000000000006,23347.864999999998,,0
2019,OCT,ROCKBRIDGE,5623,7121,14064.56,,0
2019,OCT,ROCKINGHAM,1840,3672,85130.65999999999,,0
2019,OCT,SHENANDOAH,934,2566,88162.43400000001,,0
2019,OCT,STAUNTON CITY,469,5391,25310.683999999997,,1727
2019,OCT,WARREN,431,1195,40001.66,1194,0
2019,OCT,WAYNESBORO,249,692,20463.989999999998,164,9510.499999999998
2019,OCT,WINCHESTER,1967,6294,168314.553,2678,16422.1
2019,SEP,ALBEMARLE,2364,5962,187702.4325,0,0
2019,SEP,AMHERST,902,1982,114348.1828,0,1100
2019,SEP,APPOMATTOX,1435,2046,25941.1626,,0
2019,SEP,AUGUSTA,2923,7569,296273.07165999996,72,1076.5
2019,SEP,BATH,238,446,16018.025000000001,,0
2019,SEP,BEDFORD COUNTY,440,903,18169.975,,0
2019,SEP,BUCKINGHAM,861,1624,38704.236,,0
2019,SEP,BUENA VISTA,819,1486,25146.844319999997,,0
2019,SEP,CAMPBELL,958,2146,81102.59959999999,142,1893.9
2019,SEP,CHARLOTTESVILLE,132,6856,44252.312,973,0
2019,SEP,CLARKE COUNTY,178,354,11229.659999999998,0,0
2019,SEP,CULPEPER,593,1619,31640.1525,,0
2019,SEP,FAUQUIER,841,1495,58275.38999999999,,0
2019,SEP,FLUVANNA,455,858,18892.902500000004,127.00000000000001,5411.5
2019,SEP,FREDERICK,3312,5506,54295.455,,0
2019,SEP,GREENE,83,186,46097.359500000006,55,0
2019,SEP,HARRISONBURG,2495,8211,151715.29398,156,0
2019,SEP,HIGHLAND,163,312,9734.15,,0
2019,SEP,LEXINGTON,840,1837,36714.75966,,0
2019,SEP,LOUDOUN,3043,10097,199710.31650000002,2983,11309.5
2019,SEP,LYNCHBURG,2464,8711,157198.0575,5648,27279.649999999998
2019,SEP,MADISON,190.00000000000003,433,25165.78,,0
2019,SEP,NELSON,605,1108,35050.7294,,0
2019,SEP,ORANGE,276,648,34559.9145,,0
2019,SEP,PAGE COUNTY,377,713,44349.850000000006,,0
2019,SEP,PITTSYLVANIA,,,0,89,2343.2
2019,SEP,RAPPAHANNOCK,265,679,18014.0625,,0
2019,SEP,ROCKBRIDGE,1624,1856,15536.55,,0
2019,SEP,ROCKINGHAM,1721,3355,86161.855,,0
2019,SEP,SHENANDOAH,1407,3879,72822.37499999999,,0
2019,SEP,STAUNTON CITY,434,5364,20354.266999999996,,343
2019,SEP,WARREN,826,2088,45100.020000000004,0,799
2019,SEP,WAYNESBORO,229,639,17586.00398,155,4364
2019,SEP,WINCHESTER,3072,8300,133587.62,160,1961.5
2020,APR,ALBEMARLE,3227,7937,220083.09511000002,,470.90000000000003
2020,APR,AMHERST,1293,2962,84066.48831999997,3889.0000000000005,6007.299999999999
2020,APR,APPOMATTOX,1294,2275,59657.07731999999,,0
2020,APR,AUGUSTA,2527,5905,232704.99217000004,140,7856.4
2020,APR,BATH,346,705,19498.30518,,0
2020,APR,BEDFORD COUNTY,586,1129,29491.25988,,0
2020,APR,BUCKINGHAM,574,1035,32136.533769999995,,0
2020,APR,BUENA VISTA,374,874,38967.765479999995,,0
2020,APR,CAMPBELL,979,2337,108037.05798000001,,2029.5
2020,APR,CHARLOTTESVILLE,1009,8817,60189.66510000001,,0
2020,APR,CLARKE COUNTY,133,231,6600,82,1993
2020,APR,CULPEPER,819,1853,93746.68021999998,,0
2020,APR,FAUQUIER,887,2055,43323.819,,0
2020,APR,FLUVANNA,415,1263,29936.582370000004,133,2734.7
2020,APR,FREDERICK,6742,9148,61973.74809999999,,0
2020,APR,GREENE,734,1914,58914.574609999996,77,1572.3
2020,APR,HARRISONBURG,2215,8837,230753.59553999998,154,2241.20008
2020,APR,HIGHLAND,243,486,12245.305799999998,,0
2020,APR,LEXINGTON,942.0000000000001,2151,51980.01011999999,,0
2020,APR,LOUDOUN,3742,17084,219387.96553999995,1065,18243.5
2020,APR,LYNCHBURG,12200,16048,209141.11638,4259,43264.8
2020,APR,MADISON,186,414,21502.9003,,0
2020,APR,NELSON,717,1406,48490.190259999996,,0
2020,APR,ORANGE,497,1249,39286.595089999995,,0
2020,APR,PAGE COUNTY,370,708,28741.833200000005,,0
2020,APR,PITTSYLVANIA,,,0,62,1144
2020,APR,RAPPAHANNOCK,341,815.0000000000001,30806.61291,,0
2020,APR,ROCKBRIDGE,343,5596,9221.6247,,0
2020,APR,ROCKINGHAM,1871,3985,113316.74929000002,75,2523.5
2020,APR,SHENANDOAH,1311,3488,85557.6745,,0
2020,APR,STAUNTON CITY,402,4356,27864.241319999997,,0
2020,APR,WARREN,341,813,36998.578,0,1002
2020,APR,WAYNESBORO,171,488,18766.1204,624,5086.1
2020,APR,WINCHESTER,1739,5553,100909.32499999997,2260,44511.2
2020,AUG,ALBEMARLE,2606,6351,202395.68570999996,,0.00001
2020,AUG,AMHERST,1173,2603,109345.76968000001,,0
2020,AUG,APPOMATTOX,1080,1861,30923.20502,,0
2020,AUG,AUGUSTA,2140,5292,227209.7222600001,2096,10784.699999999999
2020,AUG,BATH,260,512,19416.629999999997,,0
2020,AUG,BEDFORD COUNTY,346,732,24691.9843,0,0
2020,AUG,BUCKINGHAM,1045,1949,39148.628639999995,,0
2020,AUG,BUENA VISTA,289,841.9999999999999,37136.88588,,0
2020,AUG,CAMPBELL,1037,2169,103049.52100999998,0,0
2020,AUG,CHARLOTTESVILLE,1415,7089,51024.07721999999,,6820
2020,AUG,CLARKE COUNTY,122,241,10634.65,61,921
2020,AUG,CULPEPER,858,2369,59216.48966,,0
2020,AUG,FAUQUIER,810,1886,49177.8528,,0
2020,AUG,FLUVANNA,352,683,22561.25344,,3091.90001
2020,AUG,FREDERICK,4542,6818,57221.82,,0
2020,AUG,GREENE,686,1972.9999999999998,68234.25641000002,,0
2020,AUG,HARRISONBURG,1974,6532,171325.89095,137,2217
2020,AUG,HIGHLAND,231,472,10251.5317,,0
2020,AUG,LEXINGTON,674,1631.9999999999998,32961.48337,,0
2020,AUG,LOUDOUN,5918,20087,253245.66875,2878,46733.75999999999
2020,AUG,LYNCHBURG,10542,19180,203979.07125999994,1330,10210
2020,AUG,MADISON,199,481,33031.02501,,0
2020,AUG,NELSON,602,1163,43346.61229999999,,0
2020,AUG,ORANGE,615,1599,37275.09374,,0
2020,AUG,PAGE COUNTY,320,556,43284.3683,,0
2020,AUG,PITTSYLVANIA,,,0,0,0
2020,AUG,RAPPAHANNOCK,270,619,12274.7817,,0
2020,AUG,ROCKBRIDGE,367,805,9081,,0
2020,AUG,ROCKINGHAM,1876,4225,99709.30674000003,,0
2020,AUG,SHENANDOAH,1023,2706,72366.7,,0
2020,AUG,STAUNTON CITY,457,3049,22567.015699999993,,65
2020,AUG,WARREN,317,854,32556.9,0,44
2020,AUG,WAYNESBORO,251,579,16712.229560000003,80,0
2020,AUG,WINCHESTER,1934,5672,173134.93000000002,0,0
2020,DEC,ALBEMARLE,2809,7348,296719.5484299999,55,1176
2020,DEC,AMHERST,1297,3198,96378.94243999998,1594.9999999999998,6064.7
2020,DEC,APPOMATTOX,1221,2133,34765.274789999996,,0
2020,DEC,AUGUSTA,2294,5536,218584.49235000004,283,426.60419999999993
2020,DEC,BATH,290,581,22602.582500000004,,0
2020,DEC,BEDFORD COUNTY,495,1007,37808.30359999999,,0
2020,DEC,BUCKINGHAM,688,1221,26505.202050000004,,0
2020,DEC,BUENA VISTA,527,1366,54983.60905,,0
2020,DEC,CAMPBELL,1322,2756,119282.36616999998,86,0
2020,DEC,CHARLOTTESVILLE,1903,11702,47021.088500000005,0,0
2020,DEC,CLARKE COUNTY,122,263,3251.526,0,598.8
2020,DEC,CULPEPER,908,2287,58920.04691000001,,0
2020,DEC,FAUQUIER,773,1941,35781.7754,,0
2020,DEC,FLUVANNA,328,594,22258.397749999996,,1215
2020,DEC,FREDERICK,1528,6023,64242.37899999999,,0
2020,DEC,GREENE,815,2480,83577.76928999997,80,1601.9
2020,DEC,HARRISONBURG,1755,5675,170816.58268,1511,64354.600009999995
2020,DEC,HIGHLAND,238,481,10699.7456,,0
2020,DEC,LEXINGTON,702,1728.0000000000002,48885.84412000001,,0
2020,DEC,LOUDOUN,5253,14709,204533.58075,900,11494.4
2020,DEC,LYNCHBURG,11058,22908,236845.98189000002,1034,16556.75
2020,DEC,MADISON,237,581,42069.17096,,0
2020,DEC,NELSON,602,1262,58281.359879999996,,0
2020,DEC,ORANGE,372,877,43956.91836,,0
2020,DEC,PAGE COUNTY,675,1330,61258.704,,0
2020,DEC,PITTSYLVANIA,,,0,0,0
2020,DEC,RAPPAHANNOCK,372,985,19434.9628,,0
2020,DEC,ROCKBRIDGE,96,2604,3781.12,,0
2020,DEC,ROCKINGHAM,1592,3965,96143.61812999997,292,7709.2
2020,DEC,SHENANDOAH,1091,2712,104022.2666,,0
2020,DEC,STAUNTON CITY,511,3384,28805.139999999992,,429
2020,DEC,WARREN,273,736,36365.936400000006,0,111
2020,DEC,WAYNESBORO,248,679,25885.785,0,720
2020,DEC,WINCHESTER,1867,5962,122881.796,117,3348.0167999999994
2020,FEB,ALBEMARLE,2265,5916,168267.20336,88,2381.8
2020,FEB,AMHERST,1344,2832,107767.04879999999,1679,4393.8
2020,FEB,APPOMATTOX,1330,1932.0000000000002,25637.610959999995,,0
2020,FEB,AUGUSTA,2496,6361,273526.15676000004,160,1573.1
2020,FEB,BATH,206,366,17164.5,,0
2020,FEB,BEDFORD COUNTY,416,798,17158.7742,,0
2020,FEB,BUCKINGHAM,935,1704,39595.647710000005,,0
2020,FEB,BUENA VISTA,458,876,27374.896799999995,,0
2020,FEB,CAMPBELL,1072,2136,105701.81796999999,649,7334.5
2020,FEB,CHARLOTTESVILLE,1049,7722,47653.85765,0,0
2020,FEB,CLARKE COUNTY,139,323,7182.099999999999,82,997.5
2020,FEB,CULPEPER,566,1384,35149.90179999999,,0
2020,FEB,FAUQUIER,778,1346,36416.94932,,0
2020,FEB,FLUVANNA,398,804,20031.4512,134,4065.1
2020,FEB,FREDERICK,2423,6341,55778.99220000001,,0
2020,FEB,GREENE,519,1292,36620.6838,79,537.5
2020,FEB,HARRISONBURG,1805,6619,160438.39203000002,124,2420.5
2020,FEB,HIGHLAND,72,119.00000000000001,3858.5422,,0
2020,FEB,LEXINGTON,664,1530,44482.97400000001,,0
2020,FEB,LOUDOUN,2604,6640,141859.97492999997,1065,22249.90002
2020,FEB,LYNCHBURG,5189,12652,154085.45138000004,3374.9999999999995,43462.875
2020,FEB,MADISON,279,659,20792.125,,0
2020,FEB,NELSON,594,1199,38254.715950000005,,0
2020,FEB,ORANGE,349,883,42595.53852000001,,0
2020,FEB,PAGE COUNTY,385,742,42145.54641,,0
2020,FEB,PITTSYLVANIA,,,0,310,2321
2020,FEB,RAPPAHANNOCK,269,446.99999999999994,16042.26585,,0
2020,FEB,ROCKBRIDGE,203,3959,11426.695,,0
2020,FEB,ROCKINGHAM,1387,3373,74363.90854000003,,0
2020,FEB,SHENANDOAH,1516,2241,88835.36876000001,,0
2020,FEB,STAUNTON CITY,674,5322,22528.403000000002,,626
2020,FEB,WARREN,657,1548,36655.007730000005,251,0
2020,FEB,WAYNESBORO,231,635,21090.438879999998,407,7692.4
2020,FEB,WINCHESTER,2454,6047,104217.26408,727,30785.30001
2020,JAN,ALBEMARLE,2457,6541,189061.84181000004,93,1977.4
2020,JAN,AMHERST,1287,3783,90433.19500000002,1656,3544
2020,JAN,APPOMATTOX,1363,2146,25136.855,,0
2020,JAN,AUGUSTA,2922,7440,294046.9032,70,1499.5
2020,JAN,BATH,204,371,13486.518399999999,,0
2020,JAN,BEDFORD COUNTY,506,998,18131.45325,,0
2020,JAN,BUCKINGHAM,904,1713,39707.00004,,0
2020,JAN,BUENA VISTA,782,1385,19328.925,,0
2020,JAN,CAMPBELL,1202,2539,99329.82500000001,229,6984
2020,JAN,CHARLOTTESVILLE,2635,9977,42747.925,0,0
2020,JAN,CLARKE COUNTY,253,393,6022.939,82,1134.5
2020,JAN,CULPEPER,640,1610,47837.799999999996,,0
2020,JAN,FAUQUIER,805,1858,32621.628999999997,,0
2020,JAN,FLUVANNA,344,632,45754.60003,133,3494
2020,JAN,FREDERICK,2647,6567,56539.028000000006,,0
2020,JAN,GREENE,634,1479,56427.4888,87,1691.5
2020,JAN,HARRISONBURG,2134,8511,141114.30004999996,307,2547.9
2020,JAN,HIGHLAND,98,149,2723,,0
2020,JAN,LEXINGTON,842,1858.9999999999998,39281.950000000004,,0
2020,JAN,LOUDOUN,2686,9940,161409.9507,1090,18518.900039999997
2020,JAN,LYNCHBURG,7403,14241,165689.14000000004,3101,27639.5
2020,JAN,MADISON,523,1260,26891.95,,0
2020,JAN,NELSON,369,722,34789.375,,0
2020,JAN,ORANGE,354,910,46719.9672,,0
2020,JAN,PAGE COUNTY,365,777,53732.08,,0
2020,JAN,PITTSYLVANIA,,,0,78,2332
2020,JAN,RAPPAHANNOCK,263,697,21238.6725,,0
2020,JAN,ROCKBRIDGE,100,2815,11987.125,,0
2020,JAN,ROCKINGHAM,1633,3368,94108.14502000001,,0
2020,JAN,SHENANDOAH,1240,3196,75434.58600000001,,0
2020,JAN,STAUNTON CITY,513,5760,24212.385000000002,,896.25
2020,JAN,WARREN,809,2502,44707.19990000001,257,644
2020,JAN,WAYNESBORO,623,1303,17564.694999999996,156,7880.9
2020,JAN,WINCHESTER,2495,7862,134082.36599999998,717,5344.00005
2020,JUL,ALBEMARLE,2066,4818,223548.98812,,0
2020,JUL,AMHERST,1227,2734,95792.85076000002,0,0
2020,JUL,APPOMATTOX,1318,2233,42198.876800000005,,0
2020,JUL,AUGUSTA,1994,4856,164917.20520000003,506,13240.880000000001
2020,JUL,BATH,273,533,16353.034439999998,,0
2020,JUL,BEDFORD COUNTY,401,762,19254.92675,0,0
2020,JUL,BUCKINGHAM,898,1687,47231.11845,,0
2020,JUL,BUENA VISTA,219,537,22954.414469999996,,0
2020,JUL,CAMPBELL,1242,2570,106535.4129,0,0
2020,JUL,CHARLOTTESVILLE,1313,8853,67887.33524,,11112.45
2020,JUL,CLARKE COUNTY,225,349,8194.599999999999,82,992
2020,JUL,CULPEPER,540,1423,77961.59105,,0
2020,JUL,FAUQUIER,772,1896,46013.0906,,0
2020,JUL,FLUVANNA,467,907,38724.67932999999,,1569.0000000000002
2020,JUL,FREDERICK,1360,6509,65173.14576,,0
2020,JUL,GREENE,624,1771.0000000000002,76376.83296999999,,0
2020,JUL,HARRISONBURG,2185,6934,244857.88976,211,2240.8
2020,JUL,HIGHLAND,234,466,13779.8786,,0
2020,JUL,LEXINGTON,4871,5922,50544.66,,0
2020,JUL,LOUDOUN,3829,20830,204445.89085000003,0,43579.89999999998
2020,JUL,LYNCHBURG,12177,17322,184445.09569000002,3995.0000000000005,22631.800000000007
2020,JUL,MADISON,309,527,32398.774999999998,,0
2020,JUL,NELSON,570,1056,36413.1682,,0
2020,JUL,ORANGE,573,1476,37846.39302,,0
2020,JUL,PAGE COUNTY,316,591,35423.63574,,0
2020,JUL,PITTSYLVANIA,,,0,0,0
2020,JUL,RAPPAHANNOCK,225,525,11120.47445,,0
2020,JUL,ROCKBRIDGE,2512,2754,6970.5,,0
2020,JUL,ROCKINGHAM,1395,3075,90307.59327999999,75,0
2020,JUL,SHENANDOAH,850,2108,47416.7936,,0
2020,JUL,STAUNTON CITY,403,2956,19026.311919999996,,844
2020,JUL,WARREN,306,747,33832.675,0,0
2020,JUL,WAYNESBORO,152,380,17501.53576,80,660
2020,JUL,WINCHESTER,2022,6303,215834.42,1175,2179
2020,JUN,ALBEMARLE,2265,6209,182929.82105,18,498.4
2020,JUN,AMHERST,1244,2890,99883.16830000002,1554.0000000000002,2812.4
2020,JUN,APPOMATTOX,1322,2344,46470.6162,,0
2020,JUN,AUGUSTA,2109,4974,188522.6224999999,18,12048.600000000002
2020,JUN,BATH,290,623,18115.71952,,0
2020,JUN,BEDFORD COUNTY,237,546,14717.484499999999,0,0
2020,JUN,BUCKINGHAM,859,1685,41871.10830000001,,0
2020,JUN,BUENA VISTA,345,812,36159.69295,,0
2020,JUN,CAMPBELL,1138,2488,95060.79290000001,0,0
2020,JUN,CHARLOTTESVILLE,1766,9547,63109.56812999999,,4831.199999999999
2020,JUN,CLARKE COUNTY,115,222,9097.9,82,1453.4
2020,JUN,CULPEPER,1014,2667,84936.59197000001,,0
2020,JUN,FAUQUIER,831,1955,72456.04991,,0
2020,JUN,FLUVANNA,392,801,31306.078250000002,,3097.6
2020,JUN,FREDERICK,5539,7872,55634.835,,0
2020,JUN,GREENE,517,1446,67433.76062999999,,0
2020,JUN,HARRISONBURG,2476,8850,141946.81233,276,2415
2020,JUN,HIGHLAND,231,476,11420.668,,0
2020,JUN,LEXINGTON,2273,2875,54465.39003999999,,0
2020,JUN,LOUDOUN,5321,24053,227788.69546999998,1140,38871.05
2020,JUN,LYNCHBURG,9834,14995,204103.63614000002,1075,3065
2020,JUN,MADISON,190,438,24081.72996,,0
2020,JUN,NELSON,619,1174,46492.01621000001,,0
2020,JUN,ORANGE,573,1391,31068.034990000004,,0
2020,JUN,PAGE COUNTY,379,637,59115.371399999996,,0
2020,JUN,PITTSYLVANIA,,,0,0,0
2020,JUN,RAPPAHANNOCK,252,558,21780.323,,0
2020,JUN,ROCKBRIDGE,165,3284,12265.75,,0
2020,JUN,ROCKINGHAM,1677,3687,94141.23701999999,,0
2020,JUN,SHENANDOAH,1120,2880,97087.01978000002,,0
2020,JUN,STAUNTON CITY,293,3039,24368.737489999996,,229
2020,JUN,WARREN,258,749,31560.65,0,456
2020,JUN,WAYNESBORO,129,536,22343.13332,,314
2020,JUN,WINCHESTER,2427,7246,154504.47571,2260,15862.5
2020,MAR,ALBEMARLE,2609,6176.44,194745.37208000003,56,1776.1999999999998
2020,MAR,AMHERST,858,2416,114467.70390000001,1770,7797.00015
2020,MAR,APPOMATTOX,1094,1844,28537.455700000006,,0
2020,MAR,AUGUSTA,2639,6449,259542.8113100001,160,2974.6
2020,MAR,BATH,221,389,13853.69443,,0
2020,MAR,BEDFORD COUNTY,471,937,21253.609419999997,,0
2020,MAR,BUCKINGHAM,874,1608,45015.84380999999,,0
2020,MAR,BUENA VISTA,337,903.0000000000001,30488.3849,,0
2020,MAR,CAMPBELL,895,1770,95558.86441000001,,2269.5
2020,MAR,CHARLOTTESVILLE,1295,7093,56563.62076000001,0,0
2020,MAR,CLARKE COUNTY,166,275,9345.54232,82,1168.6
2020,MAR,CULPEPER,533,1530,31404.726460000005,,0
2020,MAR,FAUQUIER,776,1768,42926.35850999999,,0
2020,MAR,FLUVANNA,344,940,35040.52426,133,6855.650000000001
2020,MAR,FREDERICK,3265,5634,61216.76999999999,,0
2020,MAR,GREENE,637,1712,57880.01912999999,78,1996.9
2020,MAR,HARRISONBURG,2140,7862,148789.60404,0,3410.4
2020,MAR,HIGHLAND,173,311,11200.62502,,0
2020,MAR,LEXINGTON,963,2311,59729.26322,,0
2020,MAR,LOUDOUN,2663,12166,213042.32392,1065,24277
2020,MAR,LYNCHBURG,8922,13646,203935.68848000007,286,33133.950240000006
2020,MAR,MADISON,272,639,37563.42016,,0
2020,MAR,NELSON,578,1204,48208.44841,,0
2020,MAR,ORANGE,534,1367,47942.07098,,0
2020,MAR,PAGE COUNTY,399,661,59834.98819999999,,0
2020,MAR,PITTSYLVANIA,,,0,76,2640.5
2020,MAR,RAPPAHANNOCK,352,893.0000000000001,32282.603,,0
2020,MAR,ROCKBRIDGE,201.99999999999997,4646,14040.912620000001,,0
2020,MAR,ROCKINGHAM,1876,3949,78408.82151000001,,930.2
2020,MAR,SHENANDOAH,1290,3512,49138.96515,,0
2020,MAR,STAUNTON CITY,593,5593,27504.29998,,445
2020,MAR,WARREN,523,1448,36695.8585,215,1421.5
2020,MAR,WAYNESBORO,224,596,16942.02779,624,4196.4
2020,MAR,WINCHESTER,1949,5764,116331.24952000001,962,65288.6
2020,MAY,ALBEMARLE,2395,10763,194504.0321300001,18,592.8
2020,MAY,AMHERST,1317,2976,83940.78327000001,2583,1220.4
2020,MAY,APPOMATTOX,1334,2312,48486.69238,,0
2020,MAY,AUGUSTA,2310,5650,193461.73135,18,5344.02
2020,MAY,BATH,311,660,21773.9795,,0
2020,MAY,BEDFORD COUNTY,453,800,21021.99564,,0
2020,MAY,BUCKINGHAM,902,1735,41822.4293,,0
2020,MAY,BUENA VISTA,242,533,28147.709740000002,,0
2020,MAY,CAMPBELL,841,2320,101743.46910999999,,762
2020,MAY,CHARLOTTESVILLE,1597,9612,53703.90996,,0
2020,MAY,CLARKE COUNTY,121,238,3774.275,82,1000
2020,MAY,CULPEPER,1008,1952,51815.373869999996,,0
2020,MAY,FAUQUIER,848,1911,25016.72207,,0
2020,MAY,FLUVANNA,427,1080,25097.657209999998,,3695.5
2020,MAY,FREDERICK,8375,14057,48617.58332,,0
2020,MAY,GREENE,637,1644,59450.54581,78,1947.9
2020,MAY,HARRISONBURG,2055,7447,192638.20744,268,2304.8
2020,MAY,HIGHLAND,236,487,8981.294139999998,,0
2020,MAY,LEXINGTON,705,1675,56416.94891999999,,0
2020,MAY,LOUDOUN,4927,26585,211896.44061000002,1055,30114.6
2020,MAY,LYNCHBURG,10765,14906,189584.73254,2433,29864.199999999997
2020,MAY,MADISON,193,504,23002.845739999997,,0
2020,MAY,NELSON,745,1472,43747.275149999994,,0
2020,MAY,ORANGE,558,1409,23784.1926,,0
2020,MAY,PAGE COUNTY,346,481,56086.56427,,0
2020,MAY,PITTSYLVANIA,,,0,28,674.7
2020,MAY,RAPPAHANNOCK,267,723,28613.73446,,0
2020,MAY,ROCKBRIDGE,209,5926,11664.72576,,0
2020,MAY,ROCKINGHAM,2021,4241,96396.92388000002,75,1766.9
2020,MAY,SHENANDOAH,1287,3772,79924.34980000001,,0
2020,MAY,STAUNTON CITY,308,3533,28964.08816,,0
2020,MAY,WARREN,243,579,29186.850000000002,0,476.3
2020,MAY,WAYNESBORO,159,554,17622.259369999996,640,4812.8
2020,MAY,WINCHESTER,1874,6005,122124.64155999999,2260,17376.4
2020,NOV,ALBEMARLE,2806,7464,202972.06564999997,55,1684.1751199999999
2020,NOV,AMHERST,1431,3944,102283.57701999997,0,9528.6014
2020,NOV,APPOMATTOX,1016,1627,24573.9155,,0
2020,NOV,AUGUSTA,2843,6897,274193.63372999994,79,633.6042
2020,NOV,BATH,314,653,15446.04845,,0
2020,NOV,BEDFORD COUNTY,460,910,24223.445599999995,24,219
2020,NOV,BUCKINGHAM,762,1425,33224.4875,,0
2020,NOV,BUENA VISTA,454,1163,41248.355970000004,,0
2020,NOV,CAMPBELL,1337,3140,123339.42642000002,,92
2020,NOV,CHARLOTTESVILLE,1465,10136,38474.31149000001,0,0
2020,NOV,CLARKE COUNTY,192,404,5063.3279999999995,63,1272
2020,NOV,CULPEPER,852,2273,60094.190299999995,,0
2020,NOV,FAUQUIER,888,2170,37017.48512,,0
2020,NOV,FLUVANNA,473,794,37924.60067000001,132,2700
2020,NOV,FREDERICK,1951,4796,43275.75573999999,,0
2020,NOV,GREENE,787,2294,82499.31173999998,80,1008.7
2020,NOV,HARRISONBURG,3981,5880,184956.11925000005,263,3184.1
2020,NOV,HIGHLAND,259,518,16305.620760000002,,0
2020,NOV,LEXINGTON,812,2162,57106.769400000005,,0
2020,NOV,LOUDOUN,4414,12875,201833.76479000004,856,25251.35
2020,NOV,LYNCHBURG,12059,21287,227651.59480999998,1724.9999999999998,21622.2224
2020,NOV,MADISON,261,611,45851.14233999999,,0
2020,NOV,NELSON,696,1369,42076.49165,,0
2020,NOV,ORANGE,738,1731,29096.58801,,0
2020,NOV,PAGE COUNTY,791,1513,44089.73052,,0
2020,NOV,PITTSYLVANIA,,,0,0,0
2020,NOV,RAPPAHANNOCK,485.99999999999994,1234,20710.46361,,0
2020,NOV,ROCKBRIDGE,321,3675,11442.99,,0
2020,NOV,ROCKINGHAM,1876,4336,124380.36751999999,292,5992.5
2020,NOV,SHENANDOAH,1121,2865,90484.65251999999,,0
2020,NOV,STAUNTON CITY,369,4058,27020.7527,,313
2020,NOV,WARREN,363,990,37242.075,0,0
2020,NOV,WAYNESBORO,241,652,17136.563560000002,0,1621.09596
2020,NOV,WINCHESTER,2443,7782,149147.53912,117,4730.6
2020,OCT,ALBEMARLE,2627,6834,246369.8142,55,1864.2165200000002
2020,OCT,AMHERST,1460,3269,114609.85517,1108,4099.5
2020,OCT,APPOMATTOX,975,1619,32046.14382,,0
2020,OCT,AUGUSTA,2331,5784,233333.51923,15,426.60419999999993
2020,OCT,BATH,301,602,18152.45712,,0
2020,OCT,BEDFORD COUNTY,380,760,27151.830340000004,24,0
2020,OCT,BUCKINGHAM,1016,1817,44415.5894,,0
2020,OCT,BUENA VISTA,404,1000,33302.80267999999,,0
2020,OCT,CAMPBELL,1187,2554,119556.73018999997,46,0
2020,OCT,CHARLOTTESVILLE,1543,10295,43149.61216999999,0,0
2020,OCT,CLARKE COUNTY,126,264,6263.701779999999,63,516
2020,OCT,CULPEPER,713,1899,71336.60908999998,,0
2020,OCT,FAUQUIER,821,1995,52732.37582,,0
2020,OCT,FLUVANNA,441,727,29848.389000000003,,4430.3654799999995
2020,OCT,FREDERICK,4390,6076,58441.79778000001,,0
2020,OCT,GREENE,665,1978,91975.60010000003,78,1592.4
2020,OCT,HARRISONBURG,1946,7379,156868.13782999993,74,7231.3
2020,OCT,HIGHLAND,239,489,11743.60095,,0
2020,OCT,LEXINGTON,774,1868.9999999999998,40803.31335,,0
2020,OCT,LOUDOUN,3131,14186,242776.44008000003,970,21050.523199999996
2020,OCT,LYNCHBURG,12572,21061,243213.04958000008,640,13583.902999999998
2020,OCT,MADISON,205,528,46813.531279999996,,0
2020,OCT,NELSON,615,1214,41966.999220000005,,0
2020,OCT,ORANGE,671,1583,42942.80295,,0
2020,OCT,PAGE COUNTY,653,1145,63282.47447,,0
2020,OCT,RAPPAHANNOCK,248,643,21590.60234,,0
2020,OCT,ROCKBRIDGE,151,4710,8916.85,,0
2020,OCT,ROCKINGHAM,2922,4401,128558.39507,292,10793.6
2020,OCT,SHENANDOAH,968,2573,73481.75895,,0
2020,OCT,STAUNTON CITY,703,4397,27792.915499999992,,270
2020,OCT,WARREN,185,985,34440.64143,0,322.4
2020,OCT,WAYNESBORO,210,563,21808.670799999996,0,455
2020,OCT,WINCHESTER,1982,6060,145028.04284999997,140,5697.0084
2020,SEP,ALBEMARLE,2657,6209,270534.55878,55,1138.5
2020,SEP,AMHERST,1382,2976,87223.65315,1275,6765
2020,SEP,APPOMATTOX,1236,2080,24937.880960000002,,0
2020,SEP,AUGUSTA,2127,5344,229672.67513999995,15,3001.5
2020,SEP,BATH,235,433,17545.695,,0
2020,SEP,BEDFORD COUNTY,355,780,23967.12208,0,1734
2020,SEP,BUCKINGHAM,975,1815,52200.24320999999,,0
2020,SEP,BUENA VISTA,241,620,27485.095839999994,,0
2020,SEP,CAMPBELL,1301,2822,119699.89234,,544.3
2020,SEP,CHARLOTTESVILLE,1271,8916,44335.50016,,0
2020,SEP,CLARKE COUNTY,126,242,5894.425,52,887
2020,SEP,CULPEPER,862,2403,68472.79531,,0
2020,SEP,FAUQUIER,713,1864,54814.60682,,0
2020,SEP,FLUVANNA,326,1039,39073.236170000004,,1863
2020,SEP,FREDERICK,4423,8404,57541.33252,,0
2020,SEP,GREENE,689,2040,73689.43356000003,,0
2020,SEP,HARRISONBURG,1914,6440,203753.27939999994,143,4651.4
2020,SEP,HIGHLAND,203,435,12383.4256,,0
2020,SEP,LEXINGTON,718,1806,66778.37903999999,,0
2020,SEP,LOUDOUN,3335,16429,213875.79707,700,11362.9
2020,SEP,LYNCHBURG,13832,22985,200785.3445999999,697,11345.8006
2020,SEP,MADISON,233,555,33860.64226,,0
2020,SEP,NELSON,559,1001,34558.804059999995,,0
2020,SEP,ORANGE,531,1259,24983.924870000003,,0
2020,SEP,PAGE COUNTY,335,759,37483.625,,0
2020,SEP,RAPPAHANNOCK,303,654,16139.37074,,0
2020,SEP,ROCKBRIDGE,169,1066,9568.800000000001,,0
2020,SEP,ROCKINGHAM,1910,4185,130071.75572000002,68,4220.1
2020,SEP,SHENANDOAH,1074,2745,76482.59,,0
2020,SEP,STAUNTON CITY,653,4054,29764.30375999999,,475
2020,SEP,WARREN,238,637,36335.25000000001,0,0
2020,SEP,WAYNESBORO,218,596,24170.37752,0,0
2020,SEP,WINCHESTER,2180,6848,170947.39725,0,1990.8195999999998
2021,APR,ALBEMARLE,1787,4413,178119.28001000002,55,1226.9581500000002
2021,APR,AMHERST,1022,2312,76784.50543,1002.0000000000001,0
2021,APR,APPOMATTOX,1239,1892,34577.44156000001,,0
2021,APR,AUGUSTA,1385,3148,141942.14351000002,62,1083.1
2021,APR,BATH,284,530.0000000000001,20035.52001,134,0
2021,APR,BEDFORD COUNTY,421,794,44559.17800000001,0,0
2021,APR,BUCKINGHAM,680,1320,34913.6765,,0
2021,APR,BUENA VISTA,218.00000000000003,546,28554.584999999995,,0
2021,APR,CAMPBELL,798,1731,97160.40552,25,509.7833
2021,APR,CHARLOTTESVILLE,792,3791,29476.281,0,0
2021,APR,CLARKE COUNTY,139,325,6932.231000000001,64,532.5
2021,APR,CULPEPER,534,1134,57564.06566,,0
2021,APR,FAUQUIER,619,1468,39812.224500000004,,0
2021,APR,FLUVANNA,328,811,29015.43362,90,0
2021,APR,FREDERICK,511,7803,39678.62,,0
2021,APR,GREENE,604,1614,56608.92721999999,73,1724
2021,APR,HARRISONBURG,1734,5602,138251.99034999995,256,8411
2021,APR,HIGHLAND,246,486,10748.7758,,0
2021,APR,LEXINGTON,496.99999999999994,1027.9999999999998,34223.64432,,0
2021,APR,LOUDOUN,11676,22950,242285.07299999997,676,3632
2021,APR,LYNCHBURG,9041,12913,181031.38304000002,372,18326.616
2021,APR,MADISON,168,377,30819.985999999997,,0
2021,APR,NELSON,564,1065,49524.41500000001,,0
2021,APR,ORANGE,578,1157,33190.087,,0
2021,APR,PAGE COUNTY,252,631,36389.065,50,0
2021,APR,PITTSYLVANIA,,,0,0,0
2021,APR,RAPPAHANNOCK,173,387,15562.94125,,0
2021,APR,ROCKBRIDGE,114,4954,6327.900000000001,,0
2021,APR,ROCKINGHAM,1313,2691,82002.23124000001,303,3290.74
2021,APR,SHENANDOAH,711,1768,42645.450000000004,,0
2021,APR,STAUNTON CITY,271,3251,21004.328999999998,,205
2021,APR,WARREN,525,2039,28653.694999999996,34,0
2021,APR,WAYNESBORO,199,423,13959.509999999998,100,2051.6665000000003
2021,APR,WINCHESTER,1121,4053,140361.44999999998,129,20587.6531
2021,FEB,ALBEMARLE,2445,6502,251559.86186000006,55,1045
2021,FEB,AMHERST,908,2127,75844.85500000001,1401,5697
2021,FEB,APPOMATTOX,773,1286,31438.145,,0
2021,FEB,AUGUSTA,1569,3749,155319.61171000003,125,1730.52644
2021,FEB,BATH,269,606,14291.49516,0,0
2021,FEB,BEDFORD COUNTY,378,769,27297.625,30,0
2021,FEB,BUCKINGHAM,504,956,22834.92972,,0
2021,FEB,BUENA VISTA,300,755,40734.25000000001,,0
2021,FEB,CAMPBELL,865,1996,94957.71875000001,5,573.4
2021,FEB,CHARLOTTESVILLE,719,8400,45897.55075,0,0
2021,FEB,CLARKE COUNTY,177,320,6614.724999999999,0,836.6
2021,FEB,CULPEPER,662,1830,45368.485590000004,,0
2021,FEB,FAUQUIER,588,1531,38328.973099999996,,0
2021,FEB,FLUVANNA,372,929,25658.42175,90,1710
2021,FEB,FREDERICK,485,1543,34392.554,,0
2021,FEB,GREENE,571,1632,54289.762749999994,,1923.3999999999999
2021,FEB,HARRISONBURG,2550,6112,154093.06762000005,23,8119.200000000001
2021,FEB,HIGHLAND,199,408,9061.01945,,0
2021,FEB,LEXINGTON,644,1487,44212.3771,,0
2021,FEB,LOUDOUN,3068,16882,132162.918,780,8310.332699999999
2021,FEB,LYNCHBURG,11149,15773,154530.615,55,21443.1
2021,FEB,MADISON,163,378.99999999999994,30401.742,,0
2021,FEB,NELSON,531,1036,46716.82753,,0
2021,FEB,ORANGE,655,1469,31880.373750000002,,0
2021,FEB,PAGE COUNTY,455,830,44829.325,0,0
2021,FEB,PITTSYLVANIA,,,0,0,0
2021,FEB,RAPPAHANNOCK,171,464,14852.45701,,0
2021,FEB,ROCKBRIDGE,125.99999999999999,4652,5347.75,,0
2021,FEB,ROCKINGHAM,1288,2710,66820.6458,303,7788
2021,FEB,SHENANDOAH,614,1548,76526.4,,0
2021,FEB,STAUNTON CITY,394,3381,25627.850000000002,,242
2021,FEB,WARREN,226,562,23978.3,30,378.4
2021,FEB,WAYNESBORO,188,572,13848.865999999998,80,4464
2021,FEB,WINCHESTER,1405,4180,96596.26399999998,129,3570.2331
2021,JAN,ALBEMARLE,2650,7100,246745.34419000003,55,1654.2
2021,JAN,AMHERST,954,2156,88780.92091999999,2117,7763.8
2021,JAN,APPOMATTOX,994,1812,39667.018240000005,,0
2021,JAN,AUGUSTA,1866,4822,190862.77661000003,115,3196.5002200000004
2021,JAN,BATH,282,541,14292.067509999999,0,0
2021,JAN,BEDFORD COUNTY,450,899,26776.215010000004,0,0
2021,JAN,BUCKINGHAM,816,1544,34659.29647,,0
2021,JAN,BUENA VISTA,321,875.0000000000001,35861.16119,,0
2021,JAN,CAMPBELL,1003,2235,113725.62301999997,5,0
2021,JAN,CHARLOTTESVILLE,1432,9733,50235.20970999998,0,0
2021,JAN,CLARKE COUNTY,116,254,6254.999999999999,82,1179.1
2021,JAN,CULPEPER,701,1950,59095.17424999999,,0
2021,JAN,FAUQUIER,269,550,36022.075749999996,,0
2021,JAN,FLUVANNA,330,933,22271.32881,,3420
2021,JAN,FREDERICK,1615,6321,50376.17899999999,,0
2021,JAN,GREENE,686,2040,57947.30118,80,1137.4009999999998
2021,JAN,HARRISONBURG,1991,7492,181725.69073000003,213,5995.6
2021,JAN,HIGHLAND,193,405,11131.985519999998,,0
2021,JAN,LEXINGTON,541,1479,42527.675,,0
2021,JAN,LOUDOUN,3657,13579,155927.85949,733,18815.260000000002
2021,JAN,LYNCHBURG,12095,17555,199812.87864999997,0,16846
2021,JAN,MADISON,208,503,35939.604,,0
2021,JAN,NELSON,554,1171,48266.72123999999,,0
2021,JAN,ORANGE,595,1552,25807.71518,,0
2021,JAN,PAGE COUNTY,575,1159,63171.87699999999,,0
2021,JAN,PITTSYLVANIA,,,0,0,0
2021,JAN,RAPPAHANNOCK,231,574,20236.3421,,0
2021,JAN,ROCKBRIDGE,166,3632,7191.63,,0
2021,JAN,ROCKINGHAM,1563,3402,75718.943,303,8837.00001
2021,JAN,SHENANDOAH,896,2266,48053.082,,0
2021,JAN,STAUNTON CITY,644,1284,25254.904299999995,,0
2021,JAN,WARREN,280,749,33184.0627,45,205.2
2021,JAN,WAYNESBORO,239,655,19599.568479999998,80,36
2021,JAN,WINCHESTER,1290,4024,82623.119,129,996.9
2021,JUN,ALBEMARLE,1894,5004,177671.87091,55,0
2021,JUN,AMHERST,1085,2380,79982.99904,939,0
2021,JUN,APPOMATTOX,803,1134,27752.47577,,0
2021,JUN,AUGUSTA,1478,3494,128816.54535000001,653,13682.359999999999
2021,JUN,BATH,260,478,15159.57841,,2673.6400000000003
2021,JUN,BEDFORD COUNTY,400,806,48936.25808000001,0,0
2021,JUN,BUCKINGHAM,647,1017,37660.25329000001,,0
2021,JUN,BUENA VISTA,266,679,52575.46027000002,,0
2021,JUN,CAMPBELL,987,2117,108594.04070000004,0,0
2021,JUN,CHARLOTTESVILLE,894,6124,35982.580140000005,477.00000000000006,8771.599999999999
2021,JUN,CLARKE COUNTY,159,322,6661.782099999999,64,191.82
2021,JUN,CULPEPER,596,1532,45461.04916,,0
2021,JUN,FAUQUIER,625,1537,47606.98578,,0
2021,JUN,FLUVANNA,346,706,24677.922450000002,,0
2021,JUN,FREDERICK,2506,6264,42227.40125000001,,0
2021,JUN,GREENE,614,1775,83071.46190000002,,0
2021,JUN,HARRISONBURG,1893,6500,162582.42261000004,289,11177.06
2021,JUN,HIGHLAND,200,515,16275.7225,,0
2021,JUN,LEXINGTON,619,4165,51353.04974,,0
2021,JUN,LOUDOUN,3607,21513,192967.26639,2536,24401.499949999998
2021,JUN,LYNCHBURG,10410,14012,195043.86206,4396,90220.8
2021,JUN,MADISON,207,498.99999999999994,25571.76777,,0
2021,JUN,NELSON,516,950,47729.32749,,0
2021,JUN,ORANGE,549,1276,28131.688,,0
2021,JUN,PAGE COUNTY,811,1984.0000000000002,54417.785950000005,0,2041
2021,JUN,PITTSYLVANIA,,,0,0,0
2021,JUN,RAPPAHANNOCK,175,421,16942.163249999998,,0
2021,JUN,ROCKBRIDGE,82,1660,6932.724999999999,,0
2021,JUN,ROCKINGHAM,1300,2606,73972.38037,281,461
2021,JUN,SHENANDOAH,872,2020,79073.04447,,0
2021,JUN,STAUNTON CITY,629,1061,24456.970399999995,,94
2021,JUN,WARREN,319,981,26406.315999999995,38,1028
2021,JUN,WAYNESBORO,185,500,16807.865610000004,0,0
2021,JUN,WINCHESTER,1520,4729,118656.55074999998,59,10293.88
2021,MAR,ALBEMARLE,2109,5412,243316.06751,0,1912.59815
2021,MAR,AMHERST,1079,2529,95431.32598,2076,1760.0010499999999
2021,MAR,APPOMATTOX,1149,1786,33293.773610000004,,0
2021,MAR,AUGUSTA,1658,3920,190388.22997,61,3168.7500000000005
2021,MAR,BATH,292,508,20580.6508,92,2012.3
2021,MAR,BEDFORD COUNTY,494,964,31332.78065,29,0
2021,MAR,BUCKINGHAM,771,1424,36631.55502,,0
2021,MAR,BUENA VISTA,524,1020,59300.836999999985,,0
2021,MAR,CAMPBELL,956,2120,119189.76729999999,5,1165.1
2021,MAR,CHARLOTTESVILLE,961,9497,49059.175290000014,0,7734.490500000001
2021,MAR,CLARKE COUNTY,169,337,12030.379,64,810
2021,MAR,CULPEPER,640,1528,50117.1395,,0
2021,MAR,FAUQUIER,716,1710,40396.7305,,0
2021,MAR,FLUVANNA,572,1371,24474.68734,90,3717.7497000000003
2021,MAR,FREDERICK,3086,6581,47390.041,,0
2021,MAR,GREENE,611,1719,69445.79812,74,1567.6000000000001
2021,MAR,HARRISONBURG,1786,7094,203767.31449999998,270,40296.5
2021,MAR,HIGHLAND,238,461.99999999999994,14746.899449999999,,0
2021,MAR,LEXINGTON,430,1233,44664.80825,,0
2021,MAR,LOUDOUN,2380,25522,250112.4890000001,485.00000000000006,11445.6
2021,MAR,LYNCHBURG,12524,18094,237429.39288999984,1084,30691.375
2021,MAR,MADISON,216,464.99999999999994,33158.24,,0
2021,MAR,NELSON,489,941,61216.12825999999,,0
2021,MAR,ORANGE,608,1360,41920.165,,0
2021,MAR,PAGE COUNTY,481,850,49593.41999999999,104.99999999999999,2203.333
2021,MAR,PITTSYLVANIA,,,0,0,0
2021,MAR,RAPPAHANNOCK,206,517,16740.79425,,0
2021,MAR,ROCKBRIDGE,108,5305,5587.475,,0
2021,MAR,ROCKINGHAM,1522,3481,97314.24294999999,606,10182.70001
2021,MAR,SHENANDOAH,959,2371,111057.54999999997,,0
2021,MAR,STAUNTON CITY,354,4015,43439.651,,0
2021,MAR,WARREN,223,555,32801.129,40,1306.6999999999998
2021,MAR,WAYNESBORO,287,644,18659.023999999998,155,4443.85
2021,MAR,WINCHESTER,1607,5023,163031.56999999998,129,4477.699860000001
2021,MAY,ALBEMARLE,1804,4528,165983.29919999995,55,0
2021,MAY,AMHERST,1002,2284,94560.2175,1437,1926
2021,MAY,APPOMATTOX,860,1358,21810.824,,0
2021,MAY,AUGUSTA,1328,3218,133385.36381000004,32,2088.1664499999997
2021,MAY,BATH,247,437,18728.98794,96,1650.3
2021,MAY,BEDFORD COUNTY,364,701,30652.289,,0
2021,MAY,BUCKINGHAM,676,1069,38605.26699999999,,0
2021,MAY,BUENA VISTA,257,687,44153.815749999994,,0
2021,MAY,CAMPBELL,906,2015,101905.52222999996,,0
2021,MAY,CHARLOTTESVILLE,831,6313,29714.719999999994,,0
2021,MAY,CLARKE COUNTY,109,254,5856.22105,62,842.3
2021,MAY,CULPEPER,547,1226,46543.19699999999,,0
2021,MAY,FAUQUIER,595,1389,34668.5365,,0
2021,MAY,FLUVANNA,334,600,33320.6002,90,1898.06646
2021,MAY,FREDERICK,223,1136,34392.654039999994,,0
2021,MAY,GREENE,567,1532,59901.89259999999,72,595
2021,MAY,HARRISONBURG,1562,5676,134206.76257,90,4791.1
2021,MAY,HIGHLAND,229,429,13506.10765,,0
2021,MAY,LEXINGTON,552,1263,34218.97845,,0
2021,MAY,LOUDOUN,4548,22103,227387.72830000005,1028,15992
2021,MAY,LYNCHBURG,3288,15011,197896.57758999994,1396,13572.936000000002
2021,MAY,MADISON,173,406,36409.69,,0
2021,MAY,NELSON,548,974,57434.29918000001,,0
2021,MAY,ORANGE,537,1203,30810.121700000003,,0
2021,MAY,PAGE COUNTY,341,715,34082.34724,50,1101.6665
2021,MAY,PITTSYLVANIA,,,0,0,0
2021,MAY,RAPPAHANNOCK,165,356,12419.12561,,0
2021,MAY,ROCKBRIDGE,128,5680,4581.9400000000005,,0
2021,MAY,ROCKINGHAM,1350,2689,112446.78621,303,6134.18
2021,MAY,SHENANDOAH,707,1743,54849.819899999995,,0
2021,MAY,STAUNTON CITY,309,665,15308.8,,454
2021,MAY,WARREN,759,3245,34285.452000000005,23,0
2021,MAY,WAYNESBORO,157,348,13278.277039999997,0,2203.333
2021,MAY,WINCHESTER,1344,3907,132881.18530999997,140,3411.76664
